mode_type,difficulty,rows,bucket_index,multiplier,probability,source,notes
normal,Low,8,0,5.600000,4.126568531475679059e-04,authoritative_multiplier_table+rtp_solver,mode=normal_low_8
normal,Low,8,1,2.100000,3.893226560511452161e-02,authoritative_multiplier_table+rtp_solver,mode=normal_low_8
normal,Low,8,2,1.100000,1.427300992337034169e-01,authoritative_multiplier_table+rtp_solver,mode=normal_low_8
normal,Low,8,3,1.000000,1.625309810321368398e-01,authoritative_multiplier_table+rtp_solver,mode=normal_low_8
normal,Low,8,4,0.500000,3.111996514049427676e-01,authoritative_multiplier_table+rtp_solver,mode=normal_low_8
normal,Low,8,5,1.000000,1.625309810321368398e-01,authoritative_multiplier_table+rtp_solver,mode=normal_low_8
normal,Low,8,6,1.100000,1.427300992337034169e-01,authoritative_multiplier_table+rtp_solver,mode=normal_low_8
normal,Low,8,7,2.100000,3.893226560511452161e-02,authoritative_multiplier_table+rtp_solver,mode=normal_low_8
normal,Low,8,8,5.600000,9.999999999999999547e-07,authoritative_multiplier_table+rtp_solver,mode=normal_low_8
100balls,Low,8,0,554.400000,4.126568531475686649e-04,authoritative_multiplier_table+rtp_solver,mode=buy100_low_8
100balls,Low,8,1,207.900000,3.893226560511454243e-02,authoritative_multiplier_table+rtp_solver,mode=buy100_low_8
100balls,Low,8,2,108.900000,1.427300992337034169e-01,authoritative_multiplier_table+rtp_solver,mode=buy100_low_8
100balls,Low,8,3,99.000000,1.625309810321368953e-01,authoritative_multiplier_table+rtp_solver,mode=buy100_low_8
100balls,Low,8,4,49.500000,3.111996514049427676e-01,authoritative_multiplier_table+rtp_solver,mode=buy100_low_8
100balls,Low,8,5,99.000000,1.625309810321368953e-01,authoritative_multiplier_table+rtp_solver,mode=buy100_low_8
100balls,Low,8,6,108.900000,1.427300992337034169e-01,authoritative_multiplier_table+rtp_solver,mode=buy100_low_8
100balls,Low,8,7,207.900000,3.893226560511454243e-02,authoritative_multiplier_table+rtp_solver,mode=buy100_low_8
100balls,Low,8,8,554.400000,9.999999999999999547e-07,authoritative_multiplier_table+rtp_solver,mode=buy100_low_8
normal,Low,9,0,5.600000,4.747502967931902911e-05,authoritative_multiplier_table+rtp_solver,mode=normal_low_9
normal,Low,9,1,2.000000,2.676282554820421170e-02,authoritative_multiplier_table+rtp_solver,mode=normal_low_9
normal,Low,9,2,1.600000,5.410109346999525393e-02,authoritative_multiplier_table+rtp_solver,mode=normal_low_9
normal,Low,9,3,1.000000,1.554952628054150077e-01,authoritative_multiplier_table+rtp_solver,mode=normal_low_9
normal,Low,9,4,0.700000,2.636165806615458074e-01,authoritative_multiplier_table+rtp_solver,mode=normal_low_9
normal,Low,9,5,0.700000,2.636165806615458074e-01,authoritative_multiplier_table+rtp_solver,mode=normal_low_9
normal,Low,9,6,1.000000,1.554952628054150077e-01,authoritative_multiplier_table+rtp_solver,mode=normal_low_9
normal,Low,9,7,1.600000,5.410109346999525393e-02,authoritative_multiplier_table+rtp_solver,mode=normal_low_9
normal,Low,9,8,2.000000,2.676282554820421170e-02,authoritative_multiplier_table+rtp_solver,mode=normal_low_9
normal,Low,9,9,5.600000,9.999999999999999547e-07,authoritative_multiplier_table+rtp_solver,mode=normal_low_9
100balls,Low,9,0,554.400000,4.747502967931927306e-05,authoritative_multiplier_table+rtp_solver,mode=buy100_low_9
100balls,Low,9,1,198.000000,2.676282554820423945e-02,authoritative_multiplier_table+rtp_solver,mode=buy100_low_9
100balls,Low,9,2,158.400000,5.410109346999528168e-02,authoritative_multiplier_table+rtp_solver,mode=buy100_low_9
100balls,Low,9,3,99.000000,1.554952628054149799e-01,authoritative_multiplier_table+rtp_solver,mode=buy100_low_9
100balls,Low,9,4,69.300000,2.636165806615457519e-01,authoritative_multiplier_table+rtp_solver,mode=buy100_low_9
100balls,Low,9,5,69.300000,2.636165806615457519e-01,authoritative_multiplier_table+rtp_solver,mode=buy100_low_9
100balls,Low,9,6,99.000000,1.554952628054149799e-01,authoritative_multiplier_table+rtp_solver,mode=buy100_low_9
100balls,Low,9,7,158.400000,5.410109346999528168e-02,authoritative_multiplier_table+rtp_solver,mode=buy100_low_9
100balls,Low,9,8,198.000000,2.676282554820423945e-02,authoritative_multiplier_table+rtp_solver,mode=buy100_low_9
100balls,Low,9,9,554.400000,9.999999999999999547e-07,authoritative_multiplier_table+rtp_solver,mode=buy100_low_9
normal,Low,10,0,8.900000,8.183566677769184287e-07,authoritative_multiplier_table+rtp_solver,mode=normal_low_10
normal,Low,10,1,3.000000,6.696510316243452568e-03,authoritative_multiplier_table+rtp_solver,mode=normal_low_10
normal,Low,10,2,1.400000,7.708601062599228226e-02,authoritative_multiplier_table+rtp_solver,mode=normal_low_10
normal,Low,10,3,1.100000,1.218812468290683126e-01,authoritative_multiplier_table+rtp_solver,mode=normal_low_10
normal,Low,10,4,1.000000,1.419898589011054368e-01,authoritative_multiplier_table+rtp_solver,mode=normal_low_10
normal,Low,10,5,0.500000,3.046909282985132417e-01,authoritative_multiplier_table+rtp_solver,mode=normal_low_10
normal,Low,10,6,1.000000,1.419898589011054368e-01,authoritative_multiplier_table+rtp_solver,mode=normal_low_10
normal,Low,10,7,1.100000,1.218812468290683126e-01,authoritative_multiplier_table+rtp_solver,mode=normal_low_10
normal,Low,10,8,1.400000,7.708601062599228226e-02,authoritative_multiplier_table+rtp_solver,mode=normal_low_10
normal,Low,10,9,3.000000,6.696510316243452568e-03,authoritative_multiplier_table+rtp_solver,mode=normal_low_10
normal,Low,10,10,8.900000,9.999999999999999547e-07,authoritative_multiplier_table+rtp_solver,mode=normal_low_10
100balls,Low,10,0,881.100000,8.183566677769155699e-07,authoritative_multiplier_table+rtp_solver,mode=buy100_low_10
100balls,Low,10,1,297.000000,6.696510316243447364e-03,authoritative_multiplier_table+rtp_solver,mode=buy100_low_10
100balls,Low,10,2,138.600000,7.708601062599226839e-02,authoritative_multiplier_table+rtp_solver,mode=buy100_low_10
100balls,Low,10,3,108.900000,1.218812468290683126e-01,authoritative_multiplier_table+rtp_solver,mode=buy100_low_10
100balls,Low,10,4,99.000000,1.419898589011054368e-01,authoritative_multiplier_table+rtp_solver,mode=buy100_low_10
100balls,Low,10,5,49.500000,3.046909282985132972e-01,authoritative_multiplier_table+rtp_solver,mode=buy100_low_10
100balls,Low,10,6,99.000000,1.419898589011054368e-01,authoritative_multiplier_table+rtp_solver,mode=buy100_low_10
100balls,Low,10,7,108.900000,1.218812468290683126e-01,authoritative_multiplier_table+rtp_solver,mode=buy100_low_10
100balls,Low,10,8,138.600000,7.708601062599226839e-02,authoritative_multiplier_table+rtp_solver,mode=buy100_low_10
100balls,Low,10,9,297.000000,6.696510316243447364e-03,authoritative_multiplier_table+rtp_solver,mode=buy100_low_10
100balls,Low,10,10,881.100000,9.999999999999999547e-07,authoritative_multiplier_table+rtp_solver,mode=buy100_low_10
normal,Low,11,0,8.400000,1.389054640545281176e-07,authoritative_multiplier_table+rtp_solver,mode=normal_low_11
normal,Low,11,1,3.000000,3.365523066162647015e-03,authoritative_multiplier_table+rtp_solver,mode=normal_low_11
normal,Low,11,2,1.900000,2.631221995973045957e-02,authoritative_multiplier_table+rtp_solver,mode=normal_low_11
normal,Low,11,3,1.300000,8.078033111429622215e-02,authoritative_multiplier_table+rtp_solver,mode=normal_low_11
normal,Low,11,4,1.000000,1.415401651384501081e-01,authoritative_multiplier_table+rtp_solver,mode=normal_low_11
normal,Low,11,5,0.700000,2.480011912686285735e-01,authoritative_multiplier_table+rtp_solver,mode=normal_low_11
normal,Low,11,6,0.700000,2.480011912686285735e-01,authoritative_multiplier_table+rtp_solver,mode=normal_low_11
normal,Low,11,7,1.000000,1.415401651384501081e-01,authoritative_multiplier_table+rtp_solver,mode=normal_low_11
normal,Low,11,8,1.300000,8.078033111429622215e-02,authoritative_multiplier_table+rtp_solver,mode=normal_low_11
normal,Low,11,9,1.900000,2.631221995973045957e-02,authoritative_multiplier_table+rtp_solver,mode=normal_low_11
normal,Low,11,10,3.000000,3.365523066162647015e-03,authoritative_multiplier_table+rtp_solver,mode=normal_low_11
normal,Low,11,11,8.400000,9.999999999999999547e-07,authoritative_multiplier_table+rtp_solver,mode=normal_low_11
100balls,Low,11,0,831.600000,1.389054640545276412e-07,authoritative_multiplier_table+rtp_solver,mode=buy100_low_11
100balls,Low,11,1,297.000000,3.365523066162647015e-03,authoritative_multiplier_table+rtp_solver,mode=buy100_low_11
100balls,Low,11,2,188.100000,2.631221995973044570e-02,authoritative_multiplier_table+rtp_solver,mode=buy100_low_11
100balls,Low,11,3,128.700000,8.078033111429624991e-02,authoritative_multiplier_table+rtp_solver,mode=buy100_low_11
100balls,Low,11,4,99.000000,1.415401651384501081e-01,authoritative_multiplier_table+rtp_solver,mode=buy100_low_11
100balls,Low,11,5,69.300000,2.480011912686285735e-01,authoritative_multiplier_table+rtp_solver,mode=buy100_low_11
100balls,Low,11,6,69.300000,2.480011912686285735e-01,authoritative_multiplier_table+rtp_solver,mode=buy100_low_11
100balls,Low,11,7,99.000000,1.415401651384501081e-01,authoritative_multiplier_table+rtp_solver,mode=buy100_low_11
100balls,Low,11,8,128.700000,8.078033111429624991e-02,authoritative_multiplier_table+rtp_solver,mode=buy100_low_11
100balls,Low,11,9,188.100000,2.631221995973044570e-02,authoritative_multiplier_table+rtp_solver,mode=buy100_low_11
100balls,Low,11,10,297.000000,3.365523066162647015e-03,authoritative_multiplier_table+rtp_solver,mode=buy100_low_11
100balls,Low,11,11,831.600000,9.999999999999999547e-07,authoritative_multiplier_table+rtp_solver,mode=buy100_low_11
normal,Low,12,0,10.000000,3.794741376899185275e-09,authoritative_multiplier_table+rtp_solver,mode=normal_low_12
normal,Low,12,1,3.000000,2.703804495709961116e-03,authoritative_multiplier_table+rtp_solver,mode=normal_low_12
normal,Low,12,2,1.600000,4.004367301915984917e-02,authoritative_multiplier_table+rtp_solver,mode=normal_low_12
normal,Low,12,3,1.400000,5.885136854955551333e-02,authoritative_multiplier_table+rtp_solver,mode=normal_low_12
normal,Low,12,4,1.100000,1.048553409285700039e-01,authoritative_multiplier_table+rtp_solver,mode=normal_low_12
normal,Low,12,5,1.000000,1.271164883257715761e-01,authoritative_multiplier_table+rtp_solver,mode=normal_low_12
normal,Low,12,6,0.500000,3.328576455677247359e-01,authoritative_multiplier_table+rtp_solver,mode=normal_low_12
normal,Low,12,7,1.000000,1.271164883257715761e-01,authoritative_multiplier_table+rtp_solver,mode=normal_low_12
normal,Low,12,8,1.100000,1.048553409285700039e-01,authoritative_multiplier_table+rtp_solver,mode=normal_low_12
normal,Low,12,9,1.400000,5.885136854955551333e-02,authoritative_multiplier_table+rtp_solver,mode=normal_low_12
normal,Low,12,10,1.600000,4.004367301915984917e-02,authoritative_multiplier_table+rtp_solver,mode=normal_low_12
normal,Low,12,11,3.000000,2.703804495709961116e-03,authoritative_multiplier_table+rtp_solver,mode=normal_low_12
normal,Low,12,12,10.000000,9.999999999999999547e-07,authoritative_multiplier_table+rtp_solver,mode=normal_low_12
100balls,Low,12,0,990.000000,3.794741376899185275e-09,authoritative_multiplier_table+rtp_solver,mode=buy100_low_12
100balls,Low,12,1,297.000000,2.703804495709961116e-03,authoritative_multiplier_table+rtp_solver,mode=buy100_low_12
100balls,Low,12,2,158.400000,4.004367301915984917e-02,authoritative_multiplier_table+rtp_solver,mode=buy100_low_12
100balls,Low,12,3,138.600000,5.885136854955551333e-02,authoritative_multiplier_table+rtp_solver,mode=buy100_low_12
100balls,Low,12,4,108.900000,1.048553409285700455e-01,authoritative_multiplier_table+rtp_solver,mode=buy100_low_12
100balls,Low,12,5,99.000000,1.271164883257715761e-01,authoritative_multiplier_table+rtp_solver,mode=buy100_low_12
100balls,Low,12,6,49.500000,3.328576455677247359e-01,authoritative_multiplier_table+rtp_solver,mode=buy100_low_12
100balls,Low,12,7,99.000000,1.271164883257715761e-01,authoritative_multiplier_table+rtp_solver,mode=buy100_low_12
100balls,Low,12,8,108.900000,1.048553409285700455e-01,authoritative_multiplier_table+rtp_solver,mode=buy100_low_12
100balls,Low,12,9,138.600000,5.885136854955551333e-02,authoritative_multiplier_table+rtp_solver,mode=buy100_low_12
100balls,Low,12,10,158.400000,4.004367301915984917e-02,authoritative_multiplier_table+rtp_solver,mode=buy100_low_12
100balls,Low,12,11,297.000000,2.703804495709961116e-03,authoritative_multiplier_table+rtp_solver,mode=buy100_low_12
100balls,Low,12,12,990.000000,9.999999999999999547e-07,authoritative_multiplier_table+rtp_solver,mode=buy100_low_12
normal,Low,13,0,8.100000,1.317934066734225975e-06,authoritative_multiplier_table+rtp_solver,mode=normal_low_13
normal,Low,13,1,4.000000,1.015076711772185418e-03,authoritative_multiplier_table+rtp_solver,mode=normal_low_13
normal,Low,13,2,3.000000,5.135100032025699882e-03,authoritative_multiplier_table+rtp_solver,mode=normal_low_13
normal,Low,13,3,1.900000,3.054948943680648940e-02,authoritative_multiplier_table+rtp_solver,mode=normal_low_13
normal,Low,13,4,1.200000,9.502524263173939278e-02,authoritative_multiplier_table+rtp_solver,mode=normal_low_13
normal,Low,13,5,0.900000,1.545446589070416099e-01,authoritative_multiplier_table+rtp_solver,mode=normal_low_13
normal,Low,13,6,0.700000,2.137292733135812695e-01,authoritative_multiplier_table+rtp_solver,mode=normal_low_13
normal,Low,13,7,0.700000,2.137292733135812695e-01,authoritative_multiplier_table+rtp_solver,mode=normal_low_13
normal,Low,13,8,0.900000,1.545446589070416099e-01,authoritative_multiplier_table+rtp_solver,mode=normal_low_13
normal,Low,13,9,1.200000,9.502524263173939278e-02,authoritative_multiplier_table+rtp_solver,mode=normal_low_13
normal,Low,13,10,1.900000,3.054948943680648940e-02,authoritative_multiplier_table+rtp_solver,mode=normal_low_13
normal,Low,13,11,3.000000,5.135100032025699882e-03,authoritative_multiplier_table+rtp_solver,mode=normal_low_13
normal,Low,13,12,4.000000,1.015076711772185418e-03,authoritative_multiplier_table+rtp_solver,mode=normal_low_13
normal,Low,13,13,8.100000,9.999999999999999547e-07,authoritative_multiplier_table+rtp_solver,mode=normal_low_13
100balls,Low,13,0,801.900000,1.317934066734230422e-06,authoritative_multiplier_table+rtp_solver,mode=buy100_low_13
100balls,Low,13,1,396.000000,1.015076711772187152e-03,authoritative_multiplier_table+rtp_solver,mode=buy100_low_13
100balls,Low,13,2,297.000000,5.135100032025703351e-03,authoritative_multiplier_table+rtp_solver,mode=buy100_low_13
100balls,Low,13,3,188.100000,3.054948943680649634e-02,authoritative_multiplier_table+rtp_solver,mode=buy100_low_13
100balls,Low,13,4,118.800000,9.502524263173937891e-02,authoritative_multiplier_table+rtp_solver,mode=buy100_low_13
100balls,Low,13,5,89.100000,1.545446589070416099e-01,authoritative_multiplier_table+rtp_solver,mode=buy100_low_13
100balls,Low,13,6,69.300000,2.137292733135812417e-01,authoritative_multiplier_table+rtp_solver,mode=buy100_low_13
100balls,Low,13,7,69.300000,2.137292733135812417e-01,authoritative_multiplier_table+rtp_solver,mode=buy100_low_13
100balls,Low,13,8,89.100000,1.545446589070416099e-01,authoritative_multiplier_table+rtp_solver,mode=buy100_low_13
100balls,Low,13,9,118.800000,9.502524263173937891e-02,authoritative_multiplier_table+rtp_solver,mode=buy100_low_13
100balls,Low,13,10,188.100000,3.054948943680649634e-02,authoritative_multiplier_table+rtp_solver,mode=buy100_low_13
100balls,Low,13,11,297.000000,5.135100032025703351e-03,authoritative_multiplier_table+rtp_solver,mode=buy100_low_13
100balls,Low,13,12,396.000000,1.015076711772187152e-03,authoritative_multiplier_table+rtp_solver,mode=buy100_low_13
100balls,Low,13,13,801.900000,9.999999999999999547e-07,authoritative_multiplier_table+rtp_solver,mode=buy100_low_13
normal,Low,14,0,7.100000,2.763135447059767180e-07,authoritative_multiplier_table+rtp_solver,mode=normal_low_14
normal,Low,14,1,4.000000,1.979201261282956628e-04,authoritative_multiplier_table+rtp_solver,mode=normal_low_14
normal,Low,14,2,1.900000,1.700519765611035322e-02,authoritative_multiplier_table+rtp_solver,mode=normal_low_14
normal,Low,14,3,1.400000,4.909979897428639467e-02,authoritative_multiplier_table+rtp_solver,mode=normal_low_14
normal,Low,14,4,1.300000,6.069869024606550090e-02,authoritative_multiplier_table+rtp_solver,mode=normal_low_14
normal,Low,14,5,1.100000,9.276380021963089029e-02,authoritative_multiplier_table+rtp_solver,mode=normal_low_14
normal,Low,14,6,1.000000,1.146774791996205273e-01,authoritative_multiplier_table+rtp_solver,mode=normal_low_14
normal,Low,14,7,0.500000,3.311129508427713142e-01,authoritative_multiplier_table+rtp_solver,mode=normal_low_14
normal,Low,14,8,1.000000,1.146774791996205273e-01,authoritative_multiplier_table+rtp_solver,mode=normal_low_14
normal,Low,14,9,1.100000,9.276380021963089029e-02,authoritative_multiplier_table+rtp_solver,mode=normal_low_14
normal,Low,14,10,1.300000,6.069869024606550090e-02,authoritative_multiplier_table+rtp_solver,mode=normal_low_14
normal,Low,14,11,1.400000,4.909979897428639467e-02,authoritative_multiplier_table+rtp_solver,mode=normal_low_14
normal,Low,14,12,1.900000,1.700519765611035322e-02,authoritative_multiplier_table+rtp_solver,mode=normal_low_14
normal,Low,14,13,4.000000,1.979201261282956628e-04,authoritative_multiplier_table+rtp_solver,mode=normal_low_14
normal,Low,14,14,7.100000,9.999999999999999547e-07,authoritative_multiplier_table+rtp_solver,mode=normal_low_14
100balls,Low,14,0,702.900000,2.763135447059785709e-07,authoritative_multiplier_table+rtp_solver,mode=buy100_low_14
100balls,Low,14,1,396.000000,1.979201261282966114e-04,authoritative_multiplier_table+rtp_solver,mode=buy100_low_14
100balls,Low,14,2,188.100000,1.700519765611037057e-02,authoritative_multiplier_table+rtp_solver,mode=buy100_low_14
100balls,Low,14,3,138.600000,4.909979897428640161e-02,authoritative_multiplier_table+rtp_solver,mode=buy100_low_14
100balls,Low,14,4,128.700000,6.069869024606554253e-02,authoritative_multiplier_table+rtp_solver,mode=buy100_low_14
100balls,Low,14,5,108.900000,9.276380021963086253e-02,authoritative_multiplier_table+rtp_solver,mode=buy100_low_14
100balls,Low,14,6,99.000000,1.146774791996205689e-01,authoritative_multiplier_table+rtp_solver,mode=buy100_low_14
100balls,Low,14,7,49.500000,3.311129508427711476e-01,authoritative_multiplier_table+rtp_solver,mode=buy100_low_14
100balls,Low,14,8,99.000000,1.146774791996205689e-01,authoritative_multiplier_table+rtp_solver,mode=buy100_low_14
100balls,Low,14,9,108.900000,9.276380021963086253e-02,authoritative_multiplier_table+rtp_solver,mode=buy100_low_14
100balls,Low,14,10,128.700000,6.069869024606554253e-02,authoritative_multiplier_table+rtp_solver,mode=buy100_low_14
100balls,Low,14,11,138.600000,4.909979897428640161e-02,authoritative_multiplier_table+rtp_solver,mode=buy100_low_14
100balls,Low,14,12,188.100000,1.700519765611037057e-02,authoritative_multiplier_table+rtp_solver,mode=buy100_low_14
100balls,Low,14,13,396.000000,1.979201261282966114e-04,authoritative_multiplier_table+rtp_solver,mode=buy100_low_14
100balls,Low,14,14,702.900000,9.999999999999999547e-07,authoritative_multiplier_table+rtp_solver,mode=buy100_low_14
normal,Low,15,0,15.000000,1.472889931552224889e-14,authoritative_multiplier_table+rtp_solver,mode=normal_low_15
normal,Low,15,1,8.000000,4.197762047208390524e-08,authoritative_multiplier_table+rtp_solver,mode=normal_low_15
normal,Low,15,2,3.000000,1.712470861321063959e-03,authoritative_multiplier_table+rtp_solver,mode=normal_low_15
normal,Low,15,3,2.000000,1.431344802086171285e-02,authoritative_multiplier_table+rtp_solver,mode=normal_low_15
normal,Low,15,4,1.500000,4.138136408938895838e-02,authoritative_multiplier_table+rtp_solver,mode=normal_low_15
normal,Low,15,5,1.100000,9.675050320520314773e-02,authoritative_multiplier_table+rtp_solver,mode=normal_low_15
normal,Low,15,6,1.000000,1.196369520050472035e-01,authoritative_multiplier_table+rtp_solver,mode=normal_low_15
normal,Low,15,7,0.700000,2.262047198405501003e-01,authoritative_multiplier_table+rtp_solver,mode=normal_low_15
normal,Low,15,8,0.700000,2.262047198405501003e-01,authoritative_multiplier_table+rtp_solver,mode=normal_low_15
normal,Low,15,9,1.000000,1.196369520050472035e-01,authoritative_multiplier_table+rtp_solver,mode=normal_low_15
normal,Low,15,10,1.100000,9.675050320520314773e-02,authoritative_multiplier_table+rtp_solver,mode=normal_low_15
normal,Low,15,11,1.500000,4.138136408938895838e-02,authoritative_multiplier_table+rtp_solver,mode=normal_low_15
normal,Low,15,12,2.000000,1.431344802086171285e-02,authoritative_multiplier_table+rtp_solver,mode=normal_low_15
normal,Low,15,13,3.000000,1.712470861321063959e-03,authoritative_multiplier_table+rtp_solver,mode=normal_low_15
normal,Low,15,14,8.000000,4.197762047208390524e-08,authoritative_multiplier_table+rtp_solver,mode=normal_low_15
normal,Low,15,15,15.000000,9.999999999999999547e-07,authoritative_multiplier_table+rtp_solver,mode=normal_low_15
100balls,Low,15,0,1485.000000,1.472889931552224889e-14,authoritative_multiplier_table+rtp_solver,mode=buy100_low_15
100balls,Low,15,1,792.000000,4.197762047208390524e-08,authoritative_multiplier_table+rtp_solver,mode=buy100_low_15
100balls,Low,15,2,297.000000,1.712470861321063959e-03,authoritative_multiplier_table+rtp_solver,mode=buy100_low_15
100balls,Low,15,3,198.000000,1.431344802086171285e-02,authoritative_multiplier_table+rtp_solver,mode=buy100_low_15
100balls,Low,15,4,148.500000,4.138136408938895838e-02,authoritative_multiplier_table+rtp_solver,mode=buy100_low_15
100balls,Low,15,5,108.900000,9.675050320520314773e-02,authoritative_multiplier_table+rtp_solver,mode=buy100_low_15
100balls,Low,15,6,99.000000,1.196369520050472035e-01,authoritative_multiplier_table+rtp_solver,mode=buy100_low_15
100balls,Low,15,7,69.300000,2.262047198405501003e-01,authoritative_multiplier_table+rtp_solver,mode=buy100_low_15
100balls,Low,15,8,69.300000,2.262047198405501003e-01,authoritative_multiplier_table+rtp_solver,mode=buy100_low_15
100balls,Low,15,9,99.000000,1.196369520050472035e-01,authoritative_multiplier_table+rtp_solver,mode=buy100_low_15
100balls,Low,15,10,108.900000,9.675050320520314773e-02,authoritative_multiplier_table+rtp_solver,mode=buy100_low_15
100balls,Low,15,11,148.500000,4.138136408938895838e-02,authoritative_multiplier_table+rtp_solver,mode=buy100_low_15
100balls,Low,15,12,198.000000,1.431344802086171285e-02,authoritative_multiplier_table+rtp_solver,mode=buy100_low_15
100balls,Low,15,13,297.000000,1.712470861321063959e-03,authoritative_multiplier_table+rtp_solver,mode=buy100_low_15
100balls,Low,15,14,792.000000,4.197762047208390524e-08,authoritative_multiplier_table+rtp_solver,mode=buy100_low_15
100balls,Low,15,15,1485.000000,9.999999999999999547e-07,authoritative_multiplier_table+rtp_solver,mode=buy100_low_15
normal,Low,16,0,16.000000,5.425451834544698920e-17,authoritative_multiplier_table+rtp_solver,mode=normal_low_16
normal,Low,16,1,9.000000,7.278443325914574900e-10,authoritative_multiplier_table+rtp_solver,mode=normal_low_16
normal,Low,16,2,2.000000,9.764299613028706512e-03,authoritative_multiplier_table+rtp_solver,mode=normal_low_16
normal,Low,16,3,1.400000,3.986377860014226476e-02,authoritative_multiplier_table+rtp_solver,mode=normal_low_16
normal,Low,16,4,1.400000,3.986377860014226476e-02,authoritative_multiplier_table+rtp_solver,mode=normal_low_16
normal,Low,16,5,1.200000,6.371244188992757074e-02,authoritative_multiplier_table+rtp_solver,mode=normal_low_16
normal,Low,16,6,1.100000,8.054658734866369796e-02,authoritative_multiplier_table+rtp_solver,mode=normal_low_16
normal,Low,16,7,1.000000,1.018286623627522869e-01,authoritative_multiplier_table+rtp_solver,mode=normal_low_16
normal,Low,16,8,0.500000,3.288399017149976622e-01,authoritative_multiplier_table+rtp_solver,mode=normal_low_16
normal,Low,16,9,1.000000,1.018286623627522869e-01,authoritative_multiplier_table+rtp_solver,mode=normal_low_16
normal,Low,16,10,1.100000,8.054658734866369796e-02,authoritative_multiplier_table+rtp_solver,mode=normal_low_16
normal,Low,16,11,1.200000,6.371244188992757074e-02,authoritative_multiplier_table+rtp_solver,mode=normal_low_16
normal,Low,16,12,1.400000,3.986377860014226476e-02,authoritative_multiplier_table+rtp_solver,mode=normal_low_16
normal,Low,16,13,1.400000,3.986377860014226476e-02,authoritative_multiplier_table+rtp_solver,mode=normal_low_16
normal,Low,16,14,2.000000,9.764299613028706512e-03,authoritative_multiplier_table+rtp_solver,mode=normal_low_16
normal,Low,16,15,9.000000,7.278443325914574900e-10,authoritative_multiplier_table+rtp_solver,mode=normal_low_16
normal,Low,16,16,16.000000,9.999999999999999547e-07,authoritative_multiplier_table+rtp_solver,mode=normal_low_16
100balls,Low,16,0,1584.000000,5.425451834544698920e-17,authoritative_multiplier_table+rtp_solver,mode=buy100_low_16
100balls,Low,16,1,891.000000,7.278443325914574900e-10,authoritative_multiplier_table+rtp_solver,mode=buy100_low_16
100balls,Low,16,2,198.000000,9.764299613028706512e-03,authoritative_multiplier_table+rtp_solver,mode=buy100_low_16
100balls,Low,16,3,138.600000,3.986377860014226476e-02,authoritative_multiplier_table+rtp_solver,mode=buy100_low_16
100balls,Low,16,4,138.600000,3.986377860014226476e-02,authoritative_multiplier_table+rtp_solver,mode=buy100_low_16
100balls,Low,16,5,118.800000,6.371244188992757074e-02,authoritative_multiplier_table+rtp_solver,mode=buy100_low_16
100balls,Low,16,6,108.900000,8.054658734866369796e-02,authoritative_multiplier_table+rtp_solver,mode=buy100_low_16
100balls,Low,16,7,99.000000,1.018286623627522869e-01,authoritative_multiplier_table+rtp_solver,mode=buy100_low_16
100balls,Low,16,8,49.500000,3.288399017149976622e-01,authoritative_multiplier_table+rtp_solver,mode=buy100_low_16
100balls,Low,16,9,99.000000,1.018286623627522869e-01,authoritative_multiplier_table+rtp_solver,mode=buy100_low_16
100balls,Low,16,10,108.900000,8.054658734866369796e-02,authoritative_multiplier_table+rtp_solver,mode=buy100_low_16
100balls,Low,16,11,118.800000,6.371244188992757074e-02,authoritative_multiplier_table+rtp_solver,mode=buy100_low_16
100balls,Low,16,12,138.600000,3.986377860014226476e-02,authoritative_multiplier_table+rtp_solver,mode=buy100_low_16
100balls,Low,16,13,138.600000,3.986377860014226476e-02,authoritative_multiplier_table+rtp_solver,mode=buy100_low_16
100balls,Low,16,14,198.000000,9.764299613028706512e-03,authoritative_multiplier_table+rtp_solver,mode=buy100_low_16
100balls,Low,16,15,891.000000,7.278443325914574900e-10,authoritative_multiplier_table+rtp_solver,mode=buy100_low_16
100balls,Low,16,16,1584.000000,9.999999999999999547e-07,authoritative_multiplier_table+rtp_solver,mode=buy100_low_16
normal,Medium,8,0,13.000000,2.825957539933428054e-05,authoritative_multiplier_table+rtp_solver,mode=normal_medium_8
normal,Medium,8,1,3.000000,3.862899942246642709e-02,authoritative_multiplier_table+rtp_solver,mode=normal_medium_8
normal,Medium,8,2,1.300000,1.318228174704449696e-01,authoritative_multiplier_table+rtp_solver,mode=normal_medium_8
normal,Medium,8,3,0.700000,2.032991015105701516e-01,authoritative_multiplier_table+rtp_solver,mode=normal_medium_8
normal,Medium,8,4,0.400000,2.524689036176375745e-01,authoritative_multiplier_table+rtp_solver,mode=normal_medium_8
normal,Medium,8,5,0.700000,2.032991015105701516e-01,authoritative_multiplier_table+rtp_solver,mode=normal_medium_8
normal,Medium,8,6,1.300000,1.318228174704449696e-01,authoritative_multiplier_table+rtp_solver,mode=normal_medium_8
normal,Medium,8,7,3.000000,3.862899942246642709e-02,authoritative_multiplier_table+rtp_solver,mode=normal_medium_8
normal,Medium,8,8,13.000000,9.999999999999999547e-07,authoritative_multiplier_table+rtp_solver,mode=normal_medium_8
100balls,Medium,8,0,1287.000000,2.825957539933428054e-05,authoritative_multiplier_table+rtp_solver,mode=buy100_medium_8
100balls,Medium,8,1,297.000000,3.862899942246642709e-02,authoritative_multiplier_table+rtp_solver,mode=buy100_medium_8
100balls,Medium,8,2,128.700000,1.318228174704449696e-01,authoritative_multiplier_table+rtp_solver,mode=buy100_medium_8
100balls,Medium,8,3,69.300000,2.032991015105701516e-01,authoritative_multiplier_table+rtp_solver,mode=buy100_medium_8
100balls,Medium,8,4,39.600000,2.524689036176375745e-01,authoritative_multiplier_table+rtp_solver,mode=buy100_medium_8
100balls,Medium,8,5,69.300000,2.032991015105701516e-01,authoritative_multiplier_table+rtp_solver,mode=buy100_medium_8
100balls,Medium,8,6,128.700000,1.318228174704449696e-01,authoritative_multiplier_table+rtp_solver,mode=buy100_medium_8
100balls,Medium,8,7,297.000000,3.862899942246642709e-02,authoritative_multiplier_table+rtp_solver,mode=buy100_medium_8
100balls,Medium,8,8,1287.000000,9.999999999999999547e-07,authoritative_multiplier_table+rtp_solver,mode=buy100_medium_8
normal,Medium,9,0,18.000000,3.523698496741312943e-07,authoritative_multiplier_table+rtp_solver,mode=normal_medium_9
normal,Medium,9,1,4.000000,1.562497264315395110e-02,authoritative_multiplier_table+rtp_solver,mode=normal_medium_9
normal,Medium,9,2,1.700000,9.062029980616451152e-02,authoritative_multiplier_table+rtp_solver,mode=normal_medium_9
normal,Medium,9,3,0.900000,1.670160068634478912e-01,authoritative_multiplier_table+rtp_solver,mode=normal_medium_9
normal,Medium,9,4,0.500000,2.267380445023087499e-01,authoritative_multiplier_table+rtp_solver,mode=normal_medium_9
normal,Medium,9,5,0.500000,2.267380445023087499e-01,authoritative_multiplier_table+rtp_solver,mode=normal_medium_9
normal,Medium,9,6,0.900000,1.670160068634478912e-01,authoritative_multiplier_table+rtp_solver,mode=normal_medium_9
normal,Medium,9,7,1.700000,9.062029980616451152e-02,authoritative_multiplier_table+rtp_solver,mode=normal_medium_9
normal,Medium,9,8,4.000000,1.562497264315395110e-02,authoritative_multiplier_table+rtp_solver,mode=normal_medium_9
normal,Medium,9,9,18.000000,9.999999999999999547e-07,authoritative_multiplier_table+rtp_solver,mode=normal_medium_9
100balls,Medium,9,0,1782.000000,3.523698496741312943e-07,authoritative_multiplier_table+rtp_solver,mode=buy100_medium_9
100balls,Medium,9,1,396.000000,1.562497264315395110e-02,authoritative_multiplier_table+rtp_solver,mode=buy100_medium_9
100balls,Medium,9,2,168.300000,9.062029980616449765e-02,authoritative_multiplier_table+rtp_solver,mode=buy100_medium_9
100balls,Medium,9,3,89.100000,1.670160068634479189e-01,authoritative_multiplier_table+rtp_solver,mode=buy100_medium_9
100balls,Medium,9,4,49.500000,2.267380445023087499e-01,authoritative_multiplier_table+rtp_solver,mode=buy100_medium_9
100balls,Medium,9,5,49.500000,2.267380445023087499e-01,authoritative_multiplier_table+rtp_solver,mode=buy100_medium_9
100balls,Medium,9,6,89.100000,1.670160068634479189e-01,authoritative_multiplier_table+rtp_solver,mode=buy100_medium_9
100balls,Medium,9,7,168.300000,9.062029980616449765e-02,authoritative_multiplier_table+rtp_solver,mode=buy100_medium_9
100balls,Medium,9,8,396.000000,1.562497264315395110e-02,authoritative_multiplier_table+rtp_solver,mode=buy100_medium_9
100balls,Medium,9,9,1782.000000,9.999999999999999547e-07,authoritative_multiplier_table+rtp_solver,mode=buy100_medium_9
normal,Medium,10,0,22.000000,7.289882287287952005e-09,authoritative_multiplier_table+rtp_solver,mode=normal_medium_10
normal,Medium,10,1,5.000000,5.969635707780506992e-03,authoritative_multiplier_table+rtp_solver,mode=normal_medium_10
normal,Medium,10,2,2.000000,6.598702243284056135e-02,authoritative_multiplier_table+rtp_solver,mode=normal_medium_10
normal,Medium,10,3,1.400000,1.066990794115629387e-01,authoritative_multiplier_table+rtp_solver,mode=normal_medium_10
normal,Medium,10,4,0.600000,2.025024085468657697e-01,authoritative_multiplier_table+rtp_solver,mode=normal_medium_10
normal,Medium,10,5,0.400000,2.376827005120180358e-01,authoritative_multiplier_table+rtp_solver,mode=normal_medium_10
normal,Medium,10,6,0.600000,2.025024085468657697e-01,authoritative_multiplier_table+rtp_solver,mode=normal_medium_10
normal,Medium,10,7,1.400000,1.066990794115629387e-01,authoritative_multiplier_table+rtp_solver,mode=normal_medium_10
normal,Medium,10,8,2.000000,6.598702243284056135e-02,authoritative_multiplier_table+rtp_solver,mode=normal_medium_10
normal,Medium,10,9,5.000000,5.969635707780506992e-03,authoritative_multiplier_table+rtp_solver,mode=normal_medium_10
normal,Medium,10,10,22.000000,9.999999999999999547e-07,authoritative_multiplier_table+rtp_solver,mode=normal_medium_10
100balls,Medium,10,0,2178.000000,7.289882287288002463e-09,authoritative_multiplier_table+rtp_solver,mode=buy100_medium_10
100balls,Medium,10,1,495.000000,5.969635707780513931e-03,authoritative_multiplier_table+rtp_solver,mode=buy100_medium_10
100balls,Medium,10,2,198.000000,6.598702243284058910e-02,authoritative_multiplier_table+rtp_solver,mode=buy100_medium_10
100balls,Medium,10,3,138.600000,1.066990794115629665e-01,authoritative_multiplier_table+rtp_solver,mode=buy100_medium_10
100balls,Medium,10,4,59.400000,2.025024085468657420e-01,authoritative_multiplier_table+rtp_solver,mode=buy100_medium_10
100balls,Medium,10,5,39.600000,2.376827005120179803e-01,authoritative_multiplier_table+rtp_solver,mode=buy100_medium_10
100balls,Medium,10,6,59.400000,2.025024085468657420e-01,authoritative_multiplier_table+rtp_solver,mode=buy100_medium_10
100balls,Medium,10,7,138.600000,1.066990794115629665e-01,authoritative_multiplier_table+rtp_solver,mode=buy100_medium_10
100balls,Medium,10,8,198.000000,6.598702243284058910e-02,authoritative_multiplier_table+rtp_solver,mode=buy100_medium_10
100balls,Medium,10,9,495.000000,5.969635707780513931e-03,authoritative_multiplier_table+rtp_solver,mode=buy100_medium_10
100balls,Medium,10,10,2178.000000,9.999999999999999547e-07,authoritative_multiplier_table+rtp_solver,mode=buy100_medium_10
normal,Medium,11,0,24.000000,3.121923521416385783e-09,authoritative_multiplier_table+rtp_solver,mode=normal_medium_11
normal,Medium,11,1,6.000000,3.084006996491157632e-03,authoritative_multiplier_table+rtp_solver,mode=normal_medium_11
normal,Medium,11,2,3.000000,3.077732498926393986e-02,authoritative_multiplier_table+rtp_solver,mode=normal_medium_11
normal,Medium,11,3,1.800000,7.724619155840485585e-02,authoritative_multiplier_table+rtp_solver,mode=normal_medium_11
normal,Medium,11,4,0.700000,1.795640666880558012e-01,authoritative_multiplier_table+rtp_solver,mode=normal_medium_11
normal,Medium,11,5,0.500000,2.093279082068224550e-01,authoritative_multiplier_table+rtp_solver,mode=normal_medium_11
normal,Medium,11,6,0.500000,2.093279082068224550e-01,authoritative_multiplier_table+rtp_solver,mode=normal_medium_11
normal,Medium,11,7,0.700000,1.795640666880558012e-01,authoritative_multiplier_table+rtp_solver,mode=normal_medium_11
normal,Medium,11,8,1.800000,7.724619155840485585e-02,authoritative_multiplier_table+rtp_solver,mode=normal_medium_11
normal,Medium,11,9,3.000000,3.077732498926393986e-02,authoritative_multiplier_table+rtp_solver,mode=normal_medium_11
normal,Medium,11,10,6.000000,3.084006996491157632e-03,authoritative_multiplier_table+rtp_solver,mode=normal_medium_11
normal,Medium,11,11,24.000000,9.999999999999999547e-07,authoritative_multiplier_table+rtp_solver,mode=normal_medium_11
100balls,Medium,11,0,2376.000000,3.121923521416385783e-09,authoritative_multiplier_table+rtp_solver,mode=buy100_medium_11
100balls,Medium,11,1,594.000000,3.084006996491157632e-03,authoritative_multiplier_table+rtp_solver,mode=buy100_medium_11
100balls,Medium,11,2,297.000000,3.077732498926393986e-02,authoritative_multiplier_table+rtp_solver,mode=buy100_medium_11
100balls,Medium,11,3,178.200000,7.724619155840485585e-02,authoritative_multiplier_table+rtp_solver,mode=buy100_medium_11
100balls,Medium,11,4,69.300000,1.795640666880558012e-01,authoritative_multiplier_table+rtp_solver,mode=buy100_medium_11
100balls,Medium,11,5,49.500000,2.093279082068224550e-01,authoritative_multiplier_table+rtp_solver,mode=buy100_medium_11
100balls,Medium,11,6,49.500000,2.093279082068224550e-01,authoritative_multiplier_table+rtp_solver,mode=buy100_medium_11
100balls,Medium,11,7,69.300000,1.795640666880558012e-01,authoritative_multiplier_table+rtp_solver,mode=buy100_medium_11
100balls,Medium,11,8,178.200000,7.724619155840485585e-02,authoritative_multiplier_table+rtp_solver,mode=buy100_medium_11
100balls,Medium,11,9,297.000000,3.077732498926393986e-02,authoritative_multiplier_table+rtp_solver,mode=buy100_medium_11
100balls,Medium,11,10,594.000000,3.084006996491157632e-03,authoritative_multiplier_table+rtp_solver,mode=buy100_medium_11
100balls,Medium,11,11,2376.000000,9.999999999999999547e-07,authoritative_multiplier_table+rtp_solver,mode=buy100_medium_11
normal,Medium,12,0,33.000000,2.151151739491320973e-11,authoritative_multiplier_table+rtp_solver,mode=normal_medium_12
normal,Medium,12,1,11.000000,1.173493344967498693e-04,authoritative_multiplier_table+rtp_solver,mode=normal_medium_12
normal,Medium,12,2,4.000000,1.633093136167506135e-02,authoritative_multiplier_table+rtp_solver,mode=normal_medium_12
normal,Medium,12,3,2.000000,6.690339992439475747e-02,authoritative_multiplier_table+rtp_solver,mode=normal_medium_12
normal,Medium,12,4,1.100000,1.261958125252463370e-01,authoritative_multiplier_table+rtp_solver,mode=normal_medium_12
normal,Medium,12,5,0.600000,1.795371194643520518e-01,authoritative_multiplier_table+rtp_solver,mode=normal_medium_12
normal,Medium,12,6,0.300000,2.218297747581584600e-01,authoritative_multiplier_table+rtp_solver,mode=normal_medium_12
normal,Medium,12,7,0.600000,1.795371194643520518e-01,authoritative_multiplier_table+rtp_solver,mode=normal_medium_12
normal,Medium,12,8,1.100000,1.261958125252463370e-01,authoritative_multiplier_table+rtp_solver,mode=normal_medium_12
normal,Medium,12,9,2.000000,6.690339992439475747e-02,authoritative_multiplier_table+rtp_solver,mode=normal_medium_12
normal,Medium,12,10,4.000000,1.633093136167506135e-02,authoritative_multiplier_table+rtp_solver,mode=normal_medium_12
normal,Medium,12,11,11.000000,1.173493344967498693e-04,authoritative_multiplier_table+rtp_solver,mode=normal_medium_12
normal,Medium,12,12,33.000000,9.999999999999999547e-07,authoritative_multiplier_table+rtp_solver,mode=normal_medium_12
100balls,Medium,12,0,3267.000000,2.151151739491320973e-11,authoritative_multiplier_table+rtp_solver,mode=buy100_medium_12
100balls,Medium,12,1,1089.000000,1.173493344967498693e-04,authoritative_multiplier_table+rtp_solver,mode=buy100_medium_12
100balls,Medium,12,2,396.000000,1.633093136167506135e-02,authoritative_multiplier_table+rtp_solver,mode=buy100_medium_12
100balls,Medium,12,3,198.000000,6.690339992439475747e-02,authoritative_multiplier_table+rtp_solver,mode=buy100_medium_12
100balls,Medium,12,4,108.900000,1.261958125252463370e-01,authoritative_multiplier_table+rtp_solver,mode=buy100_medium_12
100balls,Medium,12,5,59.400000,1.795371194643520518e-01,authoritative_multiplier_table+rtp_solver,mode=buy100_medium_12
100balls,Medium,12,6,29.700000,2.218297747581584600e-01,authoritative_multiplier_table+rtp_solver,mode=buy100_medium_12
100balls,Medium,12,7,59.400000,1.795371194643520518e-01,authoritative_multiplier_table+rtp_solver,mode=buy100_medium_12
100balls,Medium,12,8,108.900000,1.261958125252463370e-01,authoritative_multiplier_table+rtp_solver,mode=buy100_medium_12
100balls,Medium,12,9,198.000000,6.690339992439475747e-02,authoritative_multiplier_table+rtp_solver,mode=buy100_medium_12
100balls,Medium,12,10,396.000000,1.633093136167506135e-02,authoritative_multiplier_table+rtp_solver,mode=buy100_medium_12
100balls,Medium,12,11,1089.000000,1.173493344967498693e-04,authoritative_multiplier_table+rtp_solver,mode=buy100_medium_12
100balls,Medium,12,12,3267.000000,9.999999999999999547e-07,authoritative_multiplier_table+rtp_solver,mode=buy100_medium_12
normal,Medium,13,0,43.000000,8.486272525018090932e-13,authoritative_multiplier_table+rtp_solver,mode=normal_medium_13
normal,Medium,13,1,13.000000,8.324134006229719446e-05,authoritative_multiplier_table+rtp_solver,mode=normal_medium_13
normal,Medium,13,2,6.000000,6.096083173511799083e-03,authoritative_multiplier_table+rtp_solver,mode=normal_medium_13
normal,Medium,13,3,3.000000,3.838955630046402001e-02,authoritative_multiplier_table+rtp_solver,mode=normal_medium_13
normal,Medium,13,4,1.300000,1.089109829482013264e-01,authoritative_multiplier_table+rtp_solver,mode=normal_medium_13
normal,Medium,13,5,0.700000,1.573635409696188536e-01,authoritative_multiplier_table+rtp_solver,mode=normal_medium_13
normal,Medium,13,6,0.400000,1.891560952677173169e-01,authoritative_multiplier_table+rtp_solver,mode=normal_medium_13
normal,Medium,13,7,0.400000,1.891560952677173169e-01,authoritative_multiplier_table+rtp_solver,mode=normal_medium_13
normal,Medium,13,8,0.700000,1.573635409696188536e-01,authoritative_multiplier_table+rtp_solver,mode=normal_medium_13
normal,Medium,13,9,1.300000,1.089109829482013264e-01,authoritative_multiplier_table+rtp_solver,mode=normal_medium_13
normal,Medium,13,10,3.000000,3.838955630046402001e-02,authoritative_multiplier_table+rtp_solver,mode=normal_medium_13
normal,Medium,13,11,6.000000,6.096083173511799083e-03,authoritative_multiplier_table+rtp_solver,mode=normal_medium_13
normal,Medium,13,12,13.000000,8.324134006229719446e-05,authoritative_multiplier_table+rtp_solver,mode=normal_medium_13
normal,Medium,13,13,43.000000,9.999999999999999547e-07,authoritative_multiplier_table+rtp_solver,mode=normal_medium_13
100balls,Medium,13,0,4257.000000,8.486272525018090932e-13,authoritative_multiplier_table+rtp_solver,mode=buy100_medium_13
100balls,Medium,13,1,1287.000000,8.324134006229719446e-05,authoritative_multiplier_table+rtp_solver,mode=buy100_medium_13
100balls,Medium,13,2,594.000000,6.096083173511799083e-03,authoritative_multiplier_table+rtp_solver,mode=buy100_medium_13
100balls,Medium,13,3,297.000000,3.838955630046402001e-02,authoritative_multiplier_table+rtp_solver,mode=buy100_medium_13
100balls,Medium,13,4,128.700000,1.089109829482013403e-01,authoritative_multiplier_table+rtp_solver,mode=buy100_medium_13
100balls,Medium,13,5,69.300000,1.573635409696188536e-01,authoritative_multiplier_table+rtp_solver,mode=buy100_medium_13
100balls,Medium,13,6,39.600000,1.891560952677173169e-01,authoritative_multiplier_table+rtp_solver,mode=buy100_medium_13
100balls,Medium,13,7,39.600000,1.891560952677173169e-01,authoritative_multiplier_table+rtp_solver,mode=buy100_medium_13
100balls,Medium,13,8,69.300000,1.573635409696188536e-01,authoritative_multiplier_table+rtp_solver,mode=buy100_medium_13
100balls,Medium,13,9,128.700000,1.089109829482013403e-01,authoritative_multiplier_table+rtp_solver,mode=buy100_medium_13
100balls,Medium,13,10,297.000000,3.838955630046402001e-02,authoritative_multiplier_table+rtp_solver,mode=buy100_medium_13
100balls,Medium,13,11,594.000000,6.096083173511799083e-03,authoritative_multiplier_table+rtp_solver,mode=buy100_medium_13
100balls,Medium,13,12,1287.000000,8.324134006229719446e-05,authoritative_multiplier_table+rtp_solver,mode=buy100_medium_13
100balls,Medium,13,13,4257.000000,9.999999999999999547e-07,authoritative_multiplier_table+rtp_solver,mode=buy100_medium_13
normal,Medium,14,0,58.000000,1.288514321030567067e-16,authoritative_multiplier_table+rtp_solver,mode=normal_medium_14
normal,Medium,14,1,15.000000,2.638521641829232999e-05,authoritative_multiplier_table+rtp_solver,mode=normal_medium_14
normal,Medium,14,2,7.000000,3.355700934052167298e-03,authoritative_multiplier_table+rtp_solver,mode=normal_medium_14
normal,Medium,14,3,4.000000,2.065103008204537127e-02,authoritative_multiplier_table+rtp_solver,mode=normal_medium_14
normal,Medium,14,4,1.900000,7.368051431004699059e-02,authoritative_multiplier_table+rtp_solver,mode=normal_medium_14
normal,Medium,14,5,1.000000,1.270867254951013325e-01,authoritative_multiplier_table+rtp_solver,mode=normal_medium_14
normal,Medium,14,6,0.500000,1.720388780350582403e-01,authoritative_multiplier_table+rtp_solver,mode=normal_medium_14
normal,Medium,14,7,0.200000,2.063205318545550671e-01,authoritative_multiplier_table+rtp_solver,mode=normal_medium_14
normal,Medium,14,8,0.500000,1.720388780350582403e-01,authoritative_multiplier_table+rtp_solver,mode=normal_medium_14
normal,Medium,14,9,1.000000,1.270867254951013325e-01,authoritative_multiplier_table+rtp_solver,mode=normal_medium_14
normal,Medium,14,10,1.900000,7.368051431004699059e-02,authoritative_multiplier_table+rtp_solver,mode=normal_medium_14
normal,Medium,14,11,4.000000,2.065103008204537127e-02,authoritative_multiplier_table+rtp_solver,mode=normal_medium_14
normal,Medium,14,12,7.000000,3.355700934052167298e-03,authoritative_multiplier_table+rtp_solver,mode=normal_medium_14
normal,Medium,14,13,15.000000,2.638521641829232999e-05,authoritative_multiplier_table+rtp_solver,mode=normal_medium_14
normal,Medium,14,14,58.000000,9.999999999999999547e-07,authoritative_multiplier_table+rtp_solver,mode=normal_medium_14
100balls,Medium,14,0,5742.000000,1.288514321030567067e-16,authoritative_multiplier_table+rtp_solver,mode=buy100_medium_14
100balls,Medium,14,1,1485.000000,2.638521641829232999e-05,authoritative_multiplier_table+rtp_solver,mode=buy100_medium_14
100balls,Medium,14,2,693.000000,3.355700934052167298e-03,authoritative_multiplier_table+rtp_solver,mode=buy100_medium_14
100balls,Medium,14,3,396.000000,2.065103008204537127e-02,authoritative_multiplier_table+rtp_solver,mode=buy100_medium_14
100balls,Medium,14,4,188.100000,7.368051431004699059e-02,authoritative_multiplier_table+rtp_solver,mode=buy100_medium_14
100balls,Medium,14,5,99.000000,1.270867254951013325e-01,authoritative_multiplier_table+rtp_solver,mode=buy100_medium_14
100balls,Medium,14,6,49.500000,1.720388780350582403e-01,authoritative_multiplier_table+rtp_solver,mode=buy100_medium_14
100balls,Medium,14,7,19.800000,2.063205318545550671e-01,authoritative_multiplier_table+rtp_solver,mode=buy100_medium_14
100balls,Medium,14,8,49.500000,1.720388780350582403e-01,authoritative_multiplier_table+rtp_solver,mode=buy100_medium_14
100balls,Medium,14,9,99.000000,1.270867254951013325e-01,authoritative_multiplier_table+rtp_solver,mode=buy100_medium_14
100balls,Medium,14,10,188.100000,7.368051431004699059e-02,authoritative_multiplier_table+rtp_solver,mode=buy100_medium_14
100balls,Medium,14,11,396.000000,2.065103008204537127e-02,authoritative_multiplier_table+rtp_solver,mode=buy100_medium_14
100balls,Medium,14,12,693.000000,3.355700934052167298e-03,authoritative_multiplier_table+rtp_solver,mode=buy100_medium_14
100balls,Medium,14,13,1485.000000,2.638521641829232999e-05,authoritative_multiplier_table+rtp_solver,mode=buy100_medium_14
100balls,Medium,14,14,5742.000000,9.999999999999999547e-07,authoritative_multiplier_table+rtp_solver,mode=buy100_medium_14
normal,Medium,15,0,88.000000,1.753379842102037830e-21,authoritative_multiplier_table+rtp_solver,mode=normal_medium_15
normal,Medium,15,1,18.000000,1.625441575919545355e-05,authoritative_multiplier_table+rtp_solver,mode=normal_medium_15
normal,Medium,15,2,11.000000,6.422156720861676603e-04,authoritative_multiplier_table+rtp_solver,mode=normal_medium_15
normal,Medium,15,3,5.000000,1.500683380000867977e-02,authoritative_multiplier_table+rtp_solver,mode=normal_medium_15
normal,Medium,15,4,3.000000,4.290340857131089841e-02,authoritative_multiplier_table+rtp_solver,mode=normal_medium_15
normal,Medium,15,5,1.300000,1.047765545143407584e-01,authoritative_multiplier_table+rtp_solver,mode=normal_medium_15
normal,Medium,15,6,0.500000,1.594943131640963185e-01,authoritative_multiplier_table+rtp_solver,mode=normal_medium_15
normal,Medium,15,7,0.300000,1.771599198623979299e-01,authoritative_multiplier_table+rtp_solver,mode=normal_medium_15
normal,Medium,15,8,0.300000,1.771599198623979299e-01,authoritative_multiplier_table+rtp_solver,mode=normal_medium_15
normal,Medium,15,9,0.500000,1.594943131640963185e-01,authoritative_multiplier_table+rtp_solver,mode=normal_medium_15
normal,Medium,15,10,1.300000,1.047765545143407584e-01,authoritative_multiplier_table+rtp_solver,mode=normal_medium_15
normal,Medium,15,11,3.000000,4.290340857131089841e-02,authoritative_multiplier_table+rtp_solver,mode=normal_medium_15
normal,Medium,15,12,5.000000,1.500683380000867977e-02,authoritative_multiplier_table+rtp_solver,mode=normal_medium_15
normal,Medium,15,13,11.000000,6.422156720861676603e-04,authoritative_multiplier_table+rtp_solver,mode=normal_medium_15
normal,Medium,15,14,18.000000,1.625441575919545355e-05,authoritative_multiplier_table+rtp_solver,mode=normal_medium_15
normal,Medium,15,15,88.000000,9.999999999999999547e-07,authoritative_multiplier_table+rtp_solver,mode=normal_medium_15
100balls,Medium,15,0,8712.000000,1.753379842102037830e-21,authoritative_multiplier_table+rtp_solver,mode=buy100_medium_15
100balls,Medium,15,1,1782.000000,1.625441575919545355e-05,authoritative_multiplier_table+rtp_solver,mode=buy100_medium_15
100balls,Medium,15,2,1089.000000,6.422156720861676603e-04,authoritative_multiplier_table+rtp_solver,mode=buy100_medium_15
100balls,Medium,15,3,495.000000,1.500683380000867977e-02,authoritative_multiplier_table+rtp_solver,mode=buy100_medium_15
100balls,Medium,15,4,297.000000,4.290340857131089841e-02,authoritative_multiplier_table+rtp_solver,mode=buy100_medium_15
100balls,Medium,15,5,128.700000,1.047765545143407862e-01,authoritative_multiplier_table+rtp_solver,mode=buy100_medium_15
100balls,Medium,15,6,49.500000,1.594943131640963185e-01,authoritative_multiplier_table+rtp_solver,mode=buy100_medium_15
100balls,Medium,15,7,29.700000,1.771599198623979299e-01,authoritative_multiplier_table+rtp_solver,mode=buy100_medium_15
100balls,Medium,15,8,29.700000,1.771599198623979299e-01,authoritative_multiplier_table+rtp_solver,mode=buy100_medium_15
100balls,Medium,15,9,49.500000,1.594943131640963185e-01,authoritative_multiplier_table+rtp_solver,mode=buy100_medium_15
100balls,Medium,15,10,128.700000,1.047765545143407862e-01,authoritative_multiplier_table+rtp_solver,mode=buy100_medium_15
100balls,Medium,15,11,297.000000,4.290340857131089841e-02,authoritative_multiplier_table+rtp_solver,mode=buy100_medium_15
100balls,Medium,15,12,495.000000,1.500683380000867977e-02,authoritative_multiplier_table+rtp_solver,mode=buy100_medium_15
100balls,Medium,15,13,1089.000000,6.422156720861676603e-04,authoritative_multiplier_table+rtp_solver,mode=buy100_medium_15
100balls,Medium,15,14,1782.000000,1.625441575919545355e-05,authoritative_multiplier_table+rtp_solver,mode=buy100_medium_15
100balls,Medium,15,15,8712.000000,9.999999999999999547e-07,authoritative_multiplier_table+rtp_solver,mode=buy100_medium_15
normal,Medium,16,0,110.000000,1.113478051496519202e-34,authoritative_multiplier_table+rtp_solver,mode=normal_medium_16
normal,Medium,16,1,41.000000,8.949517665007879726e-14,authoritative_multiplier_table+rtp_solver,mode=normal_medium_16
normal,Medium,16,2,10.000000,2.207771279424526026e-04,authoritative_multiplier_table+rtp_solver,mode=normal_medium_16
normal,Medium,16,3,5.000000,7.224664770016721825e-03,authoritative_multiplier_table+rtp_solver,mode=normal_medium_16
normal,Medium,16,4,3.000000,2.915836369624036709e-02,authoritative_multiplier_table+rtp_solver,mode=normal_medium_16
normal,Medium,16,5,1.500000,8.302755231697041272e-02,authoritative_multiplier_table+rtp_solver,mode=normal_medium_16
normal,Medium,16,6,1.000000,1.176816088368152907e-01,authoritative_multiplier_table+rtp_solver,mode=normal_medium_16
normal,Medium,16,7,0.500000,1.667995824512646663e-01,authoritative_multiplier_table+rtp_solver,mode=normal_medium_16
normal,Medium,16,8,0.300000,1.917739016013210729e-01,authoritative_multiplier_table+rtp_solver,mode=normal_medium_16
normal,Medium,16,9,0.500000,1.667995824512646663e-01,authoritative_multiplier_table+rtp_solver,mode=normal_medium_16
normal,Medium,16,10,1.000000,1.176816088368152907e-01,authoritative_multiplier_table+rtp_solver,mode=normal_medium_16
normal,Medium,16,11,1.500000,8.302755231697041272e-02,authoritative_multiplier_table+rtp_solver,mode=normal_medium_16
normal,Medium,16,12,3.000000,2.915836369624036709e-02,authoritative_multiplier_table+rtp_solver,mode=normal_medium_16
normal,Medium,16,13,5.000000,7.224664770016721825e-03,authoritative_multiplier_table+rtp_solver,mode=normal_medium_16
normal,Medium,16,14,10.000000,2.207771279424526026e-04,authoritative_multiplier_table+rtp_solver,mode=normal_medium_16
normal,Medium,16,15,41.000000,8.949517665007879726e-14,authoritative_multiplier_table+rtp_solver,mode=normal_medium_16
normal,Medium,16,16,110.000000,9.999999999999999547e-07,authoritative_multiplier_table+rtp_solver,mode=normal_medium_16
100balls,Medium,16,0,10890.000000,1.113478051496550634e-34,authoritative_multiplier_table+rtp_solver,mode=buy100_medium_16
100balls,Medium,16,1,4059.000000,8.949517665007941573e-14,authoritative_multiplier_table+rtp_solver,mode=buy100_medium_16
100balls,Medium,16,2,990.000000,2.207771279424531447e-04,authoritative_multiplier_table+rtp_solver,mode=buy100_medium_16
100balls,Medium,16,3,495.000000,7.224664770016729631e-03,authoritative_multiplier_table+rtp_solver,mode=buy100_medium_16
100balls,Medium,16,4,297.000000,2.915836369624037749e-02,authoritative_multiplier_table+rtp_solver,mode=buy100_medium_16
100balls,Medium,16,5,148.500000,8.302755231697042659e-02,authoritative_multiplier_table+rtp_solver,mode=buy100_medium_16
100balls,Medium,16,6,99.000000,1.176816088368152907e-01,authoritative_multiplier_table+rtp_solver,mode=buy100_medium_16
100balls,Medium,16,7,49.500000,1.667995824512646663e-01,authoritative_multiplier_table+rtp_solver,mode=buy100_medium_16
100balls,Medium,16,8,29.700000,1.917739016013210451e-01,authoritative_multiplier_table+rtp_solver,mode=buy100_medium_16
100balls,Medium,16,9,49.500000,1.667995824512646663e-01,authoritative_multiplier_table+rtp_solver,mode=buy100_medium_16
100balls,Medium,16,10,99.000000,1.176816088368152907e-01,authoritative_multiplier_table+rtp_solver,mode=buy100_medium_16
100balls,Medium,16,11,148.500000,8.302755231697042659e-02,authoritative_multiplier_table+rtp_solver,mode=buy100_medium_16
100balls,Medium,16,12,297.000000,2.915836369624037749e-02,authoritative_multiplier_table+rtp_solver,mode=buy100_medium_16
100balls,Medium,16,13,495.000000,7.224664770016729631e-03,authoritative_multiplier_table+rtp_solver,mode=buy100_medium_16
100balls,Medium,16,14,990.000000,2.207771279424531447e-04,authoritative_multiplier_table+rtp_solver,mode=buy100_medium_16
100balls,Medium,16,15,4059.000000,8.949517665007941573e-14,authoritative_multiplier_table+rtp_solver,mode=buy100_medium_16
100balls,Medium,16,16,10890.000000,9.999999999999999547e-07,authoritative_multiplier_table+rtp_solver,mode=buy100_medium_16
normal,High,8,0,29.000000,2.883896919636413523e-06,authoritative_multiplier_table+rtp_solver,mode=normal_high_8
normal,High,8,1,4.000000,4.956492446419536596e-02,authoritative_multiplier_table+rtp_solver,mode=normal_high_8
normal,High,8,2,1.500000,1.314298221491674301e-01,authoritative_multiplier_table+rtp_solver,mode=normal_high_8
normal,High,8,3,0.300000,2.098859012649735012e-01,authoritative_multiplier_table+rtp_solver,mode=normal_high_8
normal,High,8,4,0.200000,2.182348203464077596e-01,authoritative_multiplier_table+rtp_solver,mode=normal_high_8
normal,High,8,5,0.300000,2.098859012649735012e-01,authoritative_multiplier_table+rtp_solver,mode=normal_high_8
normal,High,8,6,1.500000,1.314298221491674301e-01,authoritative_multiplier_table+rtp_solver,mode=normal_high_8
normal,High,8,7,4.000000,4.956492446419536596e-02,authoritative_multiplier_table+rtp_solver,mode=normal_high_8
normal,High,8,8,29.000000,9.999999999999999547e-07,authoritative_multiplier_table+rtp_solver,mode=normal_high_8
100balls,High,8,0,2871.000000,2.883896919636413523e-06,authoritative_multiplier_table+rtp_solver,mode=buy100_high_8
100balls,High,8,1,396.000000,4.956492446419536596e-02,authoritative_multiplier_table+rtp_solver,mode=buy100_high_8
100balls,High,8,2,148.500000,1.314298221491674301e-01,authoritative_multiplier_table+rtp_solver,mode=buy100_high_8
100balls,High,8,3,29.700000,2.098859012649735012e-01,authoritative_multiplier_table+rtp_solver,mode=buy100_high_8
100balls,High,8,4,19.800000,2.182348203464077596e-01,authoritative_multiplier_table+rtp_solver,mode=buy100_high_8
100balls,High,8,5,29.700000,2.098859012649735012e-01,authoritative_multiplier_table+rtp_solver,mode=buy100_high_8
100balls,High,8,6,148.500000,1.314298221491674301e-01,authoritative_multiplier_table+rtp_solver,mode=buy100_high_8
100balls,High,8,7,396.000000,4.956492446419536596e-02,authoritative_multiplier_table+rtp_solver,mode=buy100_high_8
100balls,High,8,8,2871.000000,9.999999999999999547e-07,authoritative_multiplier_table+rtp_solver,mode=buy100_high_8
normal,High,9,0,43.000000,4.373713776763745593e-08,authoritative_multiplier_table+rtp_solver,mode=normal_high_9
normal,High,9,1,7.000000,1.762234237732533682e-02,authoritative_multiplier_table+rtp_solver,mode=normal_high_9
normal,High,9,2,2.000000,1.058194448035958829e-01,authoritative_multiplier_table+rtp_solver,mode=normal_high_9
normal,High,9,3,0.600000,1.748018380324171395e-01,authoritative_multiplier_table+rtp_solver,mode=normal_high_9
normal,High,9,4,0.200000,2.017558529180927263e-01,authoritative_multiplier_table+rtp_solver,mode=normal_high_9
normal,High,9,5,0.200000,2.017558529180927263e-01,authoritative_multiplier_table+rtp_solver,mode=normal_high_9
normal,High,9,6,0.600000,1.748018380324171395e-01,authoritative_multiplier_table+rtp_solver,mode=normal_high_9
normal,High,9,7,2.000000,1.058194448035958829e-01,authoritative_multiplier_table+rtp_solver,mode=normal_high_9
normal,High,9,8,7.000000,1.762234237732533682e-02,authoritative_multiplier_table+rtp_solver,mode=normal_high_9
normal,High,9,9,43.000000,9.999999999999999547e-07,authoritative_multiplier_table+rtp_solver,mode=normal_high_9
100balls,High,9,0,4257.000000,4.373713776763761475e-08,authoritative_multiplier_table+rtp_solver,mode=buy100_high_9
100balls,High,9,1,693.000000,1.762234237732535069e-02,authoritative_multiplier_table+rtp_solver,mode=buy100_high_9
100balls,High,9,2,198.000000,1.058194448035959107e-01,authoritative_multiplier_table+rtp_solver,mode=buy100_high_9
100balls,High,9,3,59.400000,1.748018380324171395e-01,authoritative_multiplier_table+rtp_solver,mode=buy100_high_9
100balls,High,9,4,19.800000,2.017558529180927263e-01,authoritative_multiplier_table+rtp_solver,mode=buy100_high_9
100balls,High,9,5,19.800000,2.017558529180927263e-01,authoritative_multiplier_table+rtp_solver,mode=buy100_high_9
100balls,High,9,6,59.400000,1.748018380324171395e-01,authoritative_multiplier_table+rtp_solver,mode=buy100_high_9
100balls,High,9,7,198.000000,1.058194448035959107e-01,authoritative_multiplier_table+rtp_solver,mode=buy100_high_9
100balls,High,9,8,693.000000,1.762234237732535069e-02,authoritative_multiplier_table+rtp_solver,mode=buy100_high_9
100balls,High,9,9,4257.000000,9.999999999999999547e-07,authoritative_multiplier_table+rtp_solver,mode=buy100_high_9
normal,High,10,0,76.000000,6.294261175769330428e-13,authoritative_multiplier_table+rtp_solver,mode=normal_high_10
normal,High,10,1,10.000000,6.175280020402571131e-03,authoritative_multiplier_table+rtp_solver,mode=normal_high_10
normal,High,10,2,3.000000,7.085714912489049500e-02,authoritative_multiplier_table+rtp_solver,mode=normal_high_10
normal,High,10,3,0.900000,1.473335932115890923e-01,authoritative_multiplier_table+rtp_solver,mode=normal_high_10
normal,High,10,4,0.300000,1.816082297839378967e-01,authoritative_multiplier_table+rtp_solver,mode=normal_high_10
normal,High,10,5,0.200000,1.880504957177304148e-01,authoritative_multiplier_table+rtp_solver,mode=normal_high_10
normal,High,10,6,0.300000,1.816082297839378967e-01,authoritative_multiplier_table+rtp_solver,mode=normal_high_10
normal,High,10,7,0.900000,1.473335932115890923e-01,authoritative_multiplier_table+rtp_solver,mode=normal_high_10
normal,High,10,8,3.000000,7.085714912489049500e-02,authoritative_multiplier_table+rtp_solver,mode=normal_high_10
normal,High,10,9,10.000000,6.175280020402571131e-03,authoritative_multiplier_table+rtp_solver,mode=normal_high_10
normal,High,10,10,76.000000,9.999999999999999547e-07,authoritative_multiplier_table+rtp_solver,mode=normal_high_10
100balls,High,10,0,7524.000000,6.294261175769330428e-13,authoritative_multiplier_table+rtp_solver,mode=buy100_high_10
100balls,High,10,1,990.000000,6.175280020402571131e-03,authoritative_multiplier_table+rtp_solver,mode=buy100_high_10
100balls,High,10,2,297.000000,7.085714912489049500e-02,authoritative_multiplier_table+rtp_solver,mode=buy100_high_10
100balls,High,10,3,89.100000,1.473335932115890923e-01,authoritative_multiplier_table+rtp_solver,mode=buy100_high_10
100balls,High,10,4,29.700000,1.816082297839378967e-01,authoritative_multiplier_table+rtp_solver,mode=buy100_high_10
100balls,High,10,5,19.800000,1.880504957177304148e-01,authoritative_multiplier_table+rtp_solver,mode=buy100_high_10
100balls,High,10,6,29.700000,1.816082297839378967e-01,authoritative_multiplier_table+rtp_solver,mode=buy100_high_10
100balls,High,10,7,89.100000,1.473335932115890923e-01,authoritative_multiplier_table+rtp_solver,mode=buy100_high_10
100balls,High,10,8,297.000000,7.085714912489049500e-02,authoritative_multiplier_table+rtp_solver,mode=buy100_high_10
100balls,High,10,9,990.000000,6.175280020402571131e-03,authoritative_multiplier_table+rtp_solver,mode=buy100_high_10
100balls,High,10,10,7524.000000,9.999999999999999547e-07,authoritative_multiplier_table+rtp_solver,mode=buy100_high_10
normal,High,11,0,120.000000,2.436494618385039448e-18,authoritative_multiplier_table+rtp_solver,mode=normal_high_11
normal,High,11,1,14.000000,2.021968371710006814e-03,authoritative_multiplier_table+rtp_solver,mode=normal_high_11
normal,High,11,2,5.200000,3.502140679218255365e-02,authoritative_multiplier_table+rtp_solver,mode=normal_high_11
normal,High,11,3,1.400000,1.199957824806988926e-01,authoritative_multiplier_table+rtp_solver,mode=normal_high_11
normal,High,11,4,0.400000,1.659248176632515948e-01,authoritative_multiplier_table+rtp_solver,mode=normal_high_11
normal,High,11,5,0.200000,1.770355246921569425e-01,authoritative_multiplier_table+rtp_solver,mode=normal_high_11
normal,High,11,6,0.200000,1.770355246921569425e-01,authoritative_multiplier_table+rtp_solver,mode=normal_high_11
normal,High,11,7,0.400000,1.659248176632515948e-01,authoritative_multiplier_table+rtp_solver,mode=normal_high_11
normal,High,11,8,1.400000,1.199957824806988926e-01,authoritative_multiplier_table+rtp_solver,mode=normal_high_11
normal,High,11,9,5.200000,3.502140679218255365e-02,authoritative_multiplier_table+rtp_solver,mode=normal_high_11
normal,High,11,10,14.000000,2.021968371710006814e-03,authoritative_multiplier_table+rtp_solver,mode=normal_high_11
normal,High,11,11,120.000000,9.999999999999999547e-07,authoritative_multiplier_table+rtp_solver,mode=normal_high_11
100balls,High,11,0,11880.000000,2.436494618385039448e-18,authoritative_multiplier_table+rtp_solver,mode=buy100_high_11
100balls,High,11,1,1386.000000,2.021968371710006814e-03,authoritative_multiplier_table+rtp_solver,mode=buy100_high_11
100balls,High,11,2,514.800000,3.502140679218256059e-02,authoritative_multiplier_table+rtp_solver,mode=buy100_high_11
100balls,High,11,3,138.600000,1.199957824806988926e-01,authoritative_multiplier_table+rtp_solver,mode=buy100_high_11
100balls,High,11,4,39.600000,1.659248176632515948e-01,authoritative_multiplier_table+rtp_solver,mode=buy100_high_11
100balls,High,11,5,19.800000,1.770355246921569425e-01,authoritative_multiplier_table+rtp_solver,mode=buy100_high_11
100balls,High,11,6,19.800000,1.770355246921569425e-01,authoritative_multiplier_table+rtp_solver,mode=buy100_high_11
100balls,High,11,7,39.600000,1.659248176632515948e-01,authoritative_multiplier_table+rtp_solver,mode=buy100_high_11
100balls,High,11,8,138.600000,1.199957824806988926e-01,authoritative_multiplier_table+rtp_solver,mode=buy100_high_11
100balls,High,11,9,514.800000,3.502140679218256059e-02,authoritative_multiplier_table+rtp_solver,mode=buy100_high_11
100balls,High,11,10,1386.000000,2.021968371710006814e-03,authoritative_multiplier_table+rtp_solver,mode=buy100_high_11
100balls,High,11,11,11880.000000,9.999999999999999547e-07,authoritative_multiplier_table+rtp_solver,mode=buy100_high_11
normal,High,12,0,170.000000,7.270701760362477004e-23,authoritative_multiplier_table+rtp_solver,mode=normal_high_12
normal,High,12,1,24.000000,1.660725604490014082e-04,authoritative_multiplier_table+rtp_solver,mode=normal_high_12
normal,High,12,2,8.100000,1.658204560452487819e-02,authoritative_multiplier_table+rtp_solver,mode=normal_high_12
normal,High,12,3,2.000000,9.697964298196579125e-02,authoritative_multiplier_table+rtp_solver,mode=normal_high_12
normal,High,12,4,0.700000,1.413021108360574818e-01,authoritative_multiplier_table+rtp_solver,mode=normal_high_12
normal,High,12,5,0.200000,1.633130853446685404e-01,authoritative_multiplier_table+rtp_solver,mode=normal_high_12
normal,High,12,6,0.200000,1.633130853446685404e-01,authoritative_multiplier_table+rtp_solver,mode=normal_high_12
normal,High,12,7,0.200000,1.633130853446685404e-01,authoritative_multiplier_table+rtp_solver,mode=normal_high_12
normal,High,12,8,0.700000,1.413021108360574818e-01,authoritative_multiplier_table+rtp_solver,mode=normal_high_12
normal,High,12,9,2.000000,9.697964298196579125e-02,authoritative_multiplier_table+rtp_solver,mode=normal_high_12
normal,High,12,10,8.100000,1.658204560452487819e-02,authoritative_multiplier_table+rtp_solver,mode=normal_high_12
normal,High,12,11,24.000000,1.660725604490014082e-04,authoritative_multiplier_table+rtp_solver,mode=normal_high_12
normal,High,12,12,170.000000,9.999999999999999547e-07,authoritative_multiplier_table+rtp_solver,mode=normal_high_12
100balls,High,12,0,16830.000000,7.270701760362579272e-23,authoritative_multiplier_table+rtp_solver,mode=buy100_high_12
100balls,High,12,1,2376.000000,1.660725604490016793e-04,authoritative_multiplier_table+rtp_solver,mode=buy100_high_12
100balls,High,12,2,801.900000,1.658204560452489207e-02,authoritative_multiplier_table+rtp_solver,mode=buy100_high_12
100balls,High,12,3,198.000000,9.697964298196580513e-02,authoritative_multiplier_table+rtp_solver,mode=buy100_high_12
100balls,High,12,4,69.300000,1.413021108360574818e-01,authoritative_multiplier_table+rtp_solver,mode=buy100_high_12
100balls,High,12,5,19.800000,1.633130853446685404e-01,authoritative_multiplier_table+rtp_solver,mode=buy100_high_12
100balls,High,12,6,19.800000,1.633130853446685404e-01,authoritative_multiplier_table+rtp_solver,mode=buy100_high_12
100balls,High,12,7,19.800000,1.633130853446685404e-01,authoritative_multiplier_table+rtp_solver,mode=buy100_high_12
100balls,High,12,8,69.300000,1.413021108360574818e-01,authoritative_multiplier_table+rtp_solver,mode=buy100_high_12
100balls,High,12,9,198.000000,9.697964298196580513e-02,authoritative_multiplier_table+rtp_solver,mode=buy100_high_12
100balls,High,12,10,801.900000,1.658204560452489207e-02,authoritative_multiplier_table+rtp_solver,mode=buy100_high_12
100balls,High,12,11,2376.000000,1.660725604490016793e-04,authoritative_multiplier_table+rtp_solver,mode=buy100_high_12
100balls,High,12,12,16830.000000,9.999999999999999547e-07,authoritative_multiplier_table+rtp_solver,mode=buy100_high_12
normal,High,13,0,260.000000,9.846366263787983133e-34,authoritative_multiplier_table+rtp_solver,mode=normal_high_13
normal,High,13,1,37.000000,4.315776068556499211e-06,authoritative_multiplier_table+rtp_solver,mode=normal_high_13
normal,High,13,2,11.000000,7.208877953146273533e-03,authoritative_multiplier_table+rtp_solver,mode=normal_high_13
normal,High,13,3,4.000000,5.315534696545707455e-02,authoritative_multiplier_table+rtp_solver,mode=normal_high_13
normal,High,13,4,1.000000,1.251438488474507782e-01,authoritative_multiplier_table+rtp_solver,mode=normal_high_13
normal,High,13,5,0.200000,1.572435552289386806e-01,authoritative_multiplier_table+rtp_solver,mode=normal_high_13
normal,High,13,6,0.200000,1.572435552289386806e-01,authoritative_multiplier_table+rtp_solver,mode=normal_high_13
normal,High,13,7,0.200000,1.572435552289386806e-01,authoritative_multiplier_table+rtp_solver,mode=normal_high_13
normal,High,13,8,0.200000,1.572435552289386806e-01,authoritative_multiplier_table+rtp_solver,mode=normal_high_13
normal,High,13,9,1.000000,1.251438488474507782e-01,authoritative_multiplier_table+rtp_solver,mode=normal_high_13
normal,High,13,10,4.000000,5.315534696545707455e-02,authoritative_multiplier_table+rtp_solver,mode=normal_high_13
normal,High,13,11,11.000000,7.208877953146273533e-03,authoritative_multiplier_table+rtp_solver,mode=normal_high_13
normal,High,13,12,37.000000,4.315776068556499211e-06,authoritative_multiplier_table+rtp_solver,mode=normal_high_13
normal,High,13,13,260.000000,9.999999999999999547e-07,authoritative_multiplier_table+rtp_solver,mode=normal_high_13
100balls,High,13,0,25740.000000,9.846366263787983133e-34,authoritative_multiplier_table+rtp_solver,mode=buy100_high_13
100balls,High,13,1,3663.000000,4.315776068556499211e-06,authoritative_multiplier_table+rtp_solver,mode=buy100_high_13
100balls,High,13,2,1089.000000,7.208877953146273533e-03,authoritative_multiplier_table+rtp_solver,mode=buy100_high_13
100balls,High,13,3,396.000000,5.315534696545707455e-02,authoritative_multiplier_table+rtp_solver,mode=buy100_high_13
100balls,High,13,4,99.000000,1.251438488474507782e-01,authoritative_multiplier_table+rtp_solver,mode=buy100_high_13
100balls,High,13,5,19.800000,1.572435552289386806e-01,authoritative_multiplier_table+rtp_solver,mode=buy100_high_13
100balls,High,13,6,19.800000,1.572435552289386806e-01,authoritative_multiplier_table+rtp_solver,mode=buy100_high_13
100balls,High,13,7,19.800000,1.572435552289386806e-01,authoritative_multiplier_table+rtp_solver,mode=buy100_high_13
100balls,High,13,8,19.800000,1.572435552289386806e-01,authoritative_multiplier_table+rtp_solver,mode=buy100_high_13
100balls,High,13,9,99.000000,1.251438488474507782e-01,authoritative_multiplier_table+rtp_solver,mode=buy100_high_13
100balls,High,13,10,396.000000,5.315534696545707455e-02,authoritative_multiplier_table+rtp_solver,mode=buy100_high_13
100balls,High,13,11,1089.000000,7.208877953146273533e-03,authoritative_multiplier_table+rtp_solver,mode=buy100_high_13
100balls,High,13,12,3663.000000,4.315776068556499211e-06,authoritative_multiplier_table+rtp_solver,mode=buy100_high_13
100balls,High,13,13,25740.000000,9.999999999999999547e-07,authoritative_multiplier_table+rtp_solver,mode=buy100_high_13
normal,High,14,0,420.000000,5.518516004672767400e-52,authoritative_multiplier_table+rtp_solver,mode=normal_high_14
normal,High,14,1,56.000000,2.939225206850347893e-08,authoritative_multiplier_table+rtp_solver,mode=normal_high_14
normal,High,14,2,18.000000,1.079140325549181496e-03,authoritative_multiplier_table+rtp_solver,mode=normal_high_14
normal,High,14,3,5.000000,3.933104102114048928e-02,authoritative_multiplier_table+rtp_solver,mode=normal_high_14
normal,High,14,4,1.900000,9.271087849008186055e-02,authoritative_multiplier_table+rtp_solver,mode=normal_high_14
normal,High,14,5,0.300000,1.443227178294573254e-01,authoritative_multiplier_table+rtp_solver,mode=normal_high_14
normal,High,14,6,0.200000,1.483704619610126951e-01,authoritative_multiplier_table+rtp_solver,mode=normal_high_14
normal,High,14,7,0.200000,1.483704619610126951e-01,authoritative_multiplier_table+rtp_solver,mode=normal_high_14
normal,High,14,8,0.200000,1.483704619610126951e-01,authoritative_multiplier_table+rtp_solver,mode=normal_high_14
normal,High,14,9,0.300000,1.443227178294573254e-01,authoritative_multiplier_table+rtp_solver,mode=normal_high_14
normal,High,14,10,1.900000,9.271087849008186055e-02,authoritative_multiplier_table+rtp_solver,mode=normal_high_14
normal,High,14,11,5.000000,3.933104102114048928e-02,authoritative_multiplier_table+rtp_solver,mode=normal_high_14
normal,High,14,12,18.000000,1.079140325549181496e-03,authoritative_multiplier_table+rtp_solver,mode=normal_high_14
normal,High,14,13,56.000000,2.939225206850347893e-08,authoritative_multiplier_table+rtp_solver,mode=normal_high_14
normal,High,14,14,420.000000,9.999999999999999547e-07,authoritative_multiplier_table+rtp_solver,mode=normal_high_14
100balls,High,14,0,41580.000000,5.518516004672767400e-52,authoritative_multiplier_table+rtp_solver,mode=buy100_high_14
100balls,High,14,1,5544.000000,2.939225206850347893e-08,authoritative_multiplier_table+rtp_solver,mode=buy100_high_14
100balls,High,14,2,1782.000000,1.079140325549181496e-03,authoritative_multiplier_table+rtp_solver,mode=buy100_high_14
100balls,High,14,3,495.000000,3.933104102114048928e-02,authoritative_multiplier_table+rtp_solver,mode=buy100_high_14
100balls,High,14,4,188.100000,9.271087849008186055e-02,authoritative_multiplier_table+rtp_solver,mode=buy100_high_14
100balls,High,14,5,29.700000,1.443227178294573254e-01,authoritative_multiplier_table+rtp_solver,mode=buy100_high_14
100balls,High,14,6,19.800000,1.483704619610126951e-01,authoritative_multiplier_table+rtp_solver,mode=buy100_high_14
100balls,High,14,7,19.800000,1.483704619610126951e-01,authoritative_multiplier_table+rtp_solver,mode=buy100_high_14
100balls,High,14,8,19.800000,1.483704619610126951e-01,authoritative_multiplier_table+rtp_solver,mode=buy100_high_14
100balls,High,14,9,29.700000,1.443227178294573254e-01,authoritative_multiplier_table+rtp_solver,mode=buy100_high_14
100balls,High,14,10,188.100000,9.271087849008186055e-02,authoritative_multiplier_table+rtp_solver,mode=buy100_high_14
100balls,High,14,11,495.000000,3.933104102114048928e-02,authoritative_multiplier_table+rtp_solver,mode=buy100_high_14
100balls,High,14,12,1782.000000,1.079140325549181496e-03,authoritative_multiplier_table+rtp_solver,mode=buy100_high_14
100balls,High,14,13,5544.000000,2.939225206850347893e-08,authoritative_multiplier_table+rtp_solver,mode=buy100_high_14
100balls,High,14,14,41580.000000,9.999999999999999547e-07,authoritative_multiplier_table+rtp_solver,mode=buy100_high_14
normal,High,15,0,620.000000,2.479326878329313299e-71,authoritative_multiplier_table+rtp_solver,mode=normal_high_15
normal,High,15,1,83.000000,6.775222136489644022e-11,authoritative_multiplier_table+rtp_solver,mode=normal_high_15
normal,High,15,2,27.000000,1.359676813283391733e-04,authoritative_multiplier_table+rtp_solver,mode=normal_high_15
normal,High,15,3,8.000000,1.869769318554662454e-02,authoritative_multiplier_table+rtp_solver,mode=normal_high_15
normal,High,15,4,3.000000,6.831441102807155052e-02,authoritative_multiplier_table+rtp_solver,mode=normal_high_15
normal,High,15,5,0.500000,1.305793426821752479e-01,authoritative_multiplier_table+rtp_solver,mode=normal_high_15
normal,High,15,6,0.200000,1.411360426775629950e-01,authoritative_multiplier_table+rtp_solver,mode=normal_high_15
normal,High,15,7,0.200000,1.411360426775629950e-01,authoritative_multiplier_table+rtp_solver,mode=normal_high_15
normal,High,15,8,0.200000,1.411360426775629950e-01,authoritative_multiplier_table+rtp_solver,mode=normal_high_15
normal,High,15,9,0.200000,1.411360426775629950e-01,authoritative_multiplier_table+rtp_solver,mode=normal_high_15
normal,High,15,10,0.500000,1.305793426821752479e-01,authoritative_multiplier_table+rtp_solver,mode=normal_high_15
normal,High,15,11,3.000000,6.831441102807155052e-02,authoritative_multiplier_table+rtp_solver,mode=normal_high_15
normal,High,15,12,8.000000,1.869769318554662454e-02,authoritative_multiplier_table+rtp_solver,mode=normal_high_15
normal,High,15,13,27.000000,1.359676813283391733e-04,authoritative_multiplier_table+rtp_solver,mode=normal_high_15
normal,High,15,14,83.000000,6.775222136489644022e-11,authoritative_multiplier_table+rtp_solver,mode=normal_high_15
normal,High,15,15,620.000000,9.999999999999999547e-07,authoritative_multiplier_table+rtp_solver,mode=normal_high_15
100balls,High,15,0,61380.000000,2.479326878329313299e-71,authoritative_multiplier_table+rtp_solver,mode=buy100_high_15
100balls,High,15,1,8217.000000,6.775222136489644022e-11,authoritative_multiplier_table+rtp_solver,mode=buy100_high_15
100balls,High,15,2,2673.000000,1.359676813283391733e-04,authoritative_multiplier_table+rtp_solver,mode=buy100_high_15
100balls,High,15,3,792.000000,1.869769318554662454e-02,authoritative_multiplier_table+rtp_solver,mode=buy100_high_15
100balls,High,15,4,297.000000,6.831441102807155052e-02,authoritative_multiplier_table+rtp_solver,mode=buy100_high_15
100balls,High,15,5,49.500000,1.305793426821752479e-01,authoritative_multiplier_table+rtp_solver,mode=buy100_high_15
100balls,High,15,6,19.800000,1.411360426775629950e-01,authoritative_multiplier_table+rtp_solver,mode=buy100_high_15
100balls,High,15,7,19.800000,1.411360426775629950e-01,authoritative_multiplier_table+rtp_solver,mode=buy100_high_15
100balls,High,15,8,19.800000,1.411360426775629950e-01,authoritative_multiplier_table+rtp_solver,mode=buy100_high_15
100balls,High,15,9,19.800000,1.411360426775629950e-01,authoritative_multiplier_table+rtp_solver,mode=buy100_high_15
100balls,High,15,10,49.500000,1.305793426821752479e-01,authoritative_multiplier_table+rtp_solver,mode=buy100_high_15
100balls,High,15,11,297.000000,6.831441102807155052e-02,authoritative_multiplier_table+rtp_solver,mode=buy100_high_15
100balls,High,15,12,792.000000,1.869769318554662454e-02,authoritative_multiplier_table+rtp_solver,mode=buy100_high_15
100balls,High,15,13,2673.000000,1.359676813283391733e-04,authoritative_multiplier_table+rtp_solver,mode=buy100_high_15
100balls,High,15,14,8217.000000,6.775222136489644022e-11,authoritative_multiplier_table+rtp_solver,mode=buy100_high_15
100balls,High,15,15,61380.000000,9.999999999999999547e-07,authoritative_multiplier_table+rtp_solver,mode=buy100_high_15
normal,High,16,0,1000.000000,2.806724366214859488e-144,authoritative_multiplier_table+rtp_solver,mode=normal_high_16
normal,High,16,1,130.000000,4.357954104058563896e-20,authoritative_multiplier_table+rtp_solver,mode=normal_high_16
normal,High,16,2,26.000000,3.055717843155454449e-05,authoritative_multiplier_table+rtp_solver,mode=normal_high_16
normal,High,16,3,9.000000,8.162732404776027600e-03,authoritative_multiplier_table+rtp_solver,mode=normal_high_16
normal,High,16,4,4.000000,4.222575418229998490e-02,authoritative_multiplier_table+rtp_solver,mode=normal_high_16
normal,High,16,5,2.000000,8.148434096760935608e-02,authoritative_multiplier_table+rtp_solver,mode=normal_high_16
normal,High,16,6,0.200000,1.472384461067532124e-01,authoritative_multiplier_table+rtp_solver,mode=normal_high_16
normal,High,16,7,0.200000,1.472384461067532124e-01,authoritative_multiplier_table+rtp_solver,mode=normal_high_16
normal,High,16,8,0.200000,1.472384461067532124e-01,authoritative_multiplier_table+rtp_solver,mode=normal_high_16
normal,High,16,9,0.200000,1.472384461067532124e-01,authoritative_multiplier_table+rtp_solver,mode=normal_high_16
normal,High,16,10,0.200000,1.472384461067532124e-01,authoritative_multiplier_table+rtp_solver,mode=normal_high_16
normal,High,16,11,2.000000,8.148434096760935608e-02,authoritative_multiplier_table+rtp_solver,mode=normal_high_16
normal,High,16,12,4.000000,4.222575418229998490e-02,authoritative_multiplier_table+rtp_solver,mode=normal_high_16
normal,High,16,13,9.000000,8.162732404776027600e-03,authoritative_multiplier_table+rtp_solver,mode=normal_high_16
normal,High,16,14,26.000000,3.055717843155454449e-05,authoritative_multiplier_table+rtp_solver,mode=normal_high_16
normal,High,16,15,130.000000,4.357954104058563896e-20,authoritative_multiplier_table+rtp_solver,mode=normal_high_16
normal,High,16,16,1000.000000,9.999999999999999547e-07,authoritative_multiplier_table+rtp_solver,mode=normal_high_16
100balls,High,16,0,99000.000000,2.806724366214859488e-144,authoritative_multiplier_table+rtp_solver,mode=buy100_high_16
100balls,High,16,1,12870.000000,4.357954104058563896e-20,authoritative_multiplier_table+rtp_solver,mode=buy100_high_16
100balls,High,16,2,2574.000000,3.055717843155454449e-05,authoritative_multiplier_table+rtp_solver,mode=buy100_high_16
100balls,High,16,3,891.000000,8.162732404776027600e-03,authoritative_multiplier_table+rtp_solver,mode=buy100_high_16
100balls,High,16,4,396.000000,4.222575418229998490e-02,authoritative_multiplier_table+rtp_solver,mode=buy100_high_16
100balls,High,16,5,198.000000,8.148434096760935608e-02,authoritative_multiplier_table+rtp_solver,mode=buy100_high_16
100balls,High,16,6,19.800000,1.472384461067532124e-01,authoritative_multiplier_table+rtp_solver,mode=buy100_high_16
100balls,High,16,7,19.800000,1.472384461067532124e-01,authoritative_multiplier_table+rtp_solver,mode=buy100_high_16
100balls,High,16,8,19.800000,1.472384461067532124e-01,authoritative_multiplier_table+rtp_solver,mode=buy100_high_16
100balls,High,16,9,19.800000,1.472384461067532124e-01,authoritative_multiplier_table+rtp_solver,mode=buy100_high_16
100balls,High,16,10,19.800000,1.472384461067532124e-01,authoritative_multiplier_table+rtp_solver,mode=buy100_high_16
100balls,High,16,11,198.000000,8.148434096760935608e-02,authoritative_multiplier_table+rtp_solver,mode=buy100_high_16
100balls,High,16,12,396.000000,4.222575418229998490e-02,authoritative_multiplier_table+rtp_solver,mode=buy100_high_16
100balls,High,16,13,891.000000,8.162732404776027600e-03,authoritative_multiplier_table+rtp_solver,mode=buy100_high_16
100balls,High,16,14,2574.000000,3.055717843155454449e-05,authoritative_multiplier_table+rtp_solver,mode=buy100_high_16
100balls,High,16,15,12870.000000,4.357954104058563896e-20,authoritative_multiplier_table+rtp_solver,mode=buy100_high_16
100balls,High,16,16,99000.000000,9.999999999999999547e-07,authoritative_multiplier_table+rtp_solver,mode=buy100_high_16
normal,Expert,8,0,500.000000,3.141803480916167918e-42,authoritative_multiplier_table+rtp_solver,mode=normal_expert_8
normal,Expert,8,1,46.000000,5.292924369987454450e-05,authoritative_multiplier_table+rtp_solver,mode=normal_expert_8
normal,Expert,8,2,11.000000,3.922666034075006358e-02,authoritative_multiplier_table+rtp_solver,mode=normal_expert_8
normal,Expert,8,3,0.100000,3.071466069436999957e-01,authoritative_multiplier_table+rtp_solver,mode=normal_expert_8
normal,Expert,8,4,0.100000,3.071466069436999957e-01,authoritative_multiplier_table+rtp_solver,mode=normal_expert_8
normal,Expert,8,5,0.100000,3.071466069436999957e-01,authoritative_multiplier_table+rtp_solver,mode=normal_expert_8
normal,Expert,8,6,11.000000,3.922666034075006358e-02,authoritative_multiplier_table+rtp_solver,mode=normal_expert_8
normal,Expert,8,7,46.000000,5.292924369987454450e-05,authoritative_multiplier_table+rtp_solver,mode=normal_expert_8
normal,Expert,8,8,500.000000,9.999999999999999547e-07,authoritative_multiplier_table+rtp_solver,mode=normal_expert_8
100balls,Expert,8,0,49500.000000,3.141803480916256494e-42,authoritative_multiplier_table+rtp_solver,mode=buy100_expert_8
100balls,Expert,8,1,4554.000000,5.292924369987472068e-05,authoritative_multiplier_table+rtp_solver,mode=buy100_expert_8
100balls,Expert,8,2,1089.000000,3.922666034075009134e-02,authoritative_multiplier_table+rtp_solver,mode=buy100_expert_8
100balls,Expert,8,3,9.900000,3.071466069436999957e-01,authoritative_multiplier_table+rtp_solver,mode=buy100_expert_8
100balls,Expert,8,4,9.900000,3.071466069436999957e-01,authoritative_multiplier_table+rtp_solver,mode=buy100_expert_8
100balls,Expert,8,5,9.900000,3.071466069436999957e-01,authoritative_multiplier_table+rtp_solver,mode=buy100_expert_8
100balls,Expert,8,6,1089.000000,3.922666034075009134e-02,authoritative_multiplier_table+rtp_solver,mode=buy100_expert_8
100balls,Expert,8,7,4554.000000,5.292924369987472068e-05,authoritative_multiplier_table+rtp_solver,mode=buy100_expert_8
100balls,Expert,8,8,49500.000000,9.999999999999999547e-07,authoritative_multiplier_table+rtp_solver,mode=buy100_expert_8
normal,Expert,9,0,1000.000000,1.607279674897236323e-64,authoritative_multiplier_table+rtp_solver,mode=normal_expert_9
normal,Expert,9,1,78.000000,2.852709604070476025e-06,authoritative_multiplier_table+rtp_solver,mode=normal_expert_9
normal,Expert,9,2,15.000000,2.725251947194725147e-02,authoritative_multiplier_table+rtp_solver,mode=normal_expert_9
normal,Expert,9,3,0.200000,2.346528378982888630e-01,authoritative_multiplier_table+rtp_solver,mode=normal_expert_9
normal,Expert,9,4,0.100000,2.380912899201598487e-01,authoritative_multiplier_table+rtp_solver,mode=normal_expert_9
normal,Expert,9,5,0.100000,2.380912899201598487e-01,authoritative_multiplier_table+rtp_solver,mode=normal_expert_9
normal,Expert,9,6,0.200000,2.346528378982888630e-01,authoritative_multiplier_table+rtp_solver,mode=normal_expert_9
normal,Expert,9,7,15.000000,2.725251947194725147e-02,authoritative_multiplier_table+rtp_solver,mode=normal_expert_9
normal,Expert,9,8,78.000000,2.852709604070476025e-06,authoritative_multiplier_table+rtp_solver,mode=normal_expert_9
normal,Expert,9,9,1000.000000,9.999999999999999547e-07,authoritative_multiplier_table+rtp_solver,mode=normal_expert_9
100balls,Expert,9,0,99000.000000,1.607279674897236323e-64,authoritative_multiplier_table+rtp_solver,mode=buy100_expert_9
100balls,Expert,9,1,7722.000000,2.852709604070476025e-06,authoritative_multiplier_table+rtp_solver,mode=buy100_expert_9
100balls,Expert,9,2,1485.000000,2.725251947194725147e-02,authoritative_multiplier_table+rtp_solver,mode=buy100_expert_9
100balls,Expert,9,3,19.800000,2.346528378982888630e-01,authoritative_multiplier_table+rtp_solver,mode=buy100_expert_9
100balls,Expert,9,4,9.900000,2.380912899201598487e-01,authoritative_multiplier_table+rtp_solver,mode=buy100_expert_9
100balls,Expert,9,5,9.900000,2.380912899201598487e-01,authoritative_multiplier_table+rtp_solver,mode=buy100_expert_9
100balls,Expert,9,6,19.800000,2.346528378982888630e-01,authoritative_multiplier_table+rtp_solver,mode=buy100_expert_9
100balls,Expert,9,7,1485.000000,2.725251947194725147e-02,authoritative_multiplier_table+rtp_solver,mode=buy100_expert_9
100balls,Expert,9,8,7722.000000,2.852709604070476025e-06,authoritative_multiplier_table+rtp_solver,mode=buy100_expert_9
100balls,Expert,9,9,99000.000000,9.999999999999999547e-07,authoritative_multiplier_table+rtp_solver,mode=buy100_expert_9
normal,Expert,10,0,2000.000000,7.410479983622547562e-109,authoritative_multiplier_table+rtp_solver,mode=normal_expert_10
normal,Expert,10,1,110.000000,2.473146335275567697e-07,authoritative_multiplier_table+rtp_solver,mode=normal_expert_10
normal,Expert,10,2,20.000000,1.689264279496457619e-02,authoritative_multiplier_table+rtp_solver,mode=normal_expert_10
normal,Expert,10,3,0.600000,1.861185570039605441e-01,authoritative_multiplier_table+rtp_solver,mode=normal_expert_10
normal,Expert,10,4,0.100000,1.979920352576275688e-01,authoritative_multiplier_table+rtp_solver,mode=normal_expert_10
normal,Expert,10,5,0.100000,1.979920352576275688e-01,authoritative_multiplier_table+rtp_solver,mode=normal_expert_10
normal,Expert,10,6,0.100000,1.979920352576275688e-01,authoritative_multiplier_table+rtp_solver,mode=normal_expert_10
normal,Expert,10,7,0.600000,1.861185570039605441e-01,authoritative_multiplier_table+rtp_solver,mode=normal_expert_10
normal,Expert,10,8,20.000000,1.689264279496457619e-02,authoritative_multiplier_table+rtp_solver,mode=normal_expert_10
normal,Expert,10,9,110.000000,2.473146335275567697e-07,authoritative_multiplier_table+rtp_solver,mode=normal_expert_10
normal,Expert,10,10,2000.000000,9.999999999999999547e-07,authoritative_multiplier_table+rtp_solver,mode=normal_expert_10
100balls,Expert,10,0,100000.000000,1.195010065160496637e-55,authoritative_multiplier_table+rtp_solver,mode=buy100_expert_10
100balls,Expert,10,1,10890.000000,2.494171851304177939e-07,authoritative_multiplier_table+rtp_solver,mode=buy100_expert_10
100balls,Expert,10,2,1980.000000,1.691763335118732711e-02,authoritative_multiplier_table+rtp_solver,mode=buy100_expert_10
100balls,Expert,10,3,59.400000,1.861133697153516675e-01,authoritative_multiplier_table+rtp_solver,mode=buy100_expert_10
100balls,Expert,10,4,9.900000,1.979788316775172308e-01,authoritative_multiplier_table+rtp_solver,mode=buy100_expert_10
100balls,Expert,10,5,9.900000,1.979788316775172308e-01,authoritative_multiplier_table+rtp_solver,mode=buy100_expert_10
100balls,Expert,10,6,9.900000,1.979788316775172308e-01,authoritative_multiplier_table+rtp_solver,mode=buy100_expert_10
100balls,Expert,10,7,59.400000,1.861133697153516675e-01,authoritative_multiplier_table+rtp_solver,mode=buy100_expert_10
100balls,Expert,10,8,1980.000000,1.691763335118732711e-02,authoritative_multiplier_table+rtp_solver,mode=buy100_expert_10
100balls,Expert,10,9,10890.000000,2.494171851304177939e-07,authoritative_multiplier_table+rtp_solver,mode=buy100_expert_10
100balls,Expert,10,10,100000.000000,9.999999999999999547e-07,authoritative_multiplier_table+rtp_solver,mode=buy100_expert_10
normal,Expert,11,0,3200.000000,1.466211832966598112e-115,authoritative_multiplier_table+rtp_solver,mode=normal_expert_11
normal,Expert,11,1,160.000000,3.382731601237210195e-07,authoritative_multiplier_table+rtp_solver,mode=normal_expert_11
normal,Expert,11,2,40.000000,6.408511651146432328e-03,authoritative_multiplier_table+rtp_solver,mode=normal_expert_11
normal,Expert,11,3,1.100000,1.560905948810153987e-01,authoritative_multiplier_table+rtp_solver,mode=normal_expert_11
normal,Expert,11,4,0.200000,1.680575035993801813e-01,authoritative_multiplier_table+rtp_solver,mode=normal_expert_11
normal,Expert,11,5,0.100000,1.694425515952978356e-01,authoritative_multiplier_table+rtp_solver,mode=normal_expert_11
normal,Expert,11,6,0.100000,1.694425515952978356e-01,authoritative_multiplier_table+rtp_solver,mode=normal_expert_11
normal,Expert,11,7,0.200000,1.680575035993801813e-01,authoritative_multiplier_table+rtp_solver,mode=normal_expert_11
normal,Expert,11,8,1.100000,1.560905948810153987e-01,authoritative_multiplier_table+rtp_solver,mode=normal_expert_11
normal,Expert,11,9,40.000000,6.408511651146432328e-03,authoritative_multiplier_table+rtp_solver,mode=normal_expert_11
normal,Expert,11,10,160.000000,3.382731601237210195e-07,authoritative_multiplier_table+rtp_solver,mode=normal_expert_11
normal,Expert,11,11,3200.000000,9.999999999999999547e-07,authoritative_multiplier_table+rtp_solver,mode=normal_expert_11
100balls,Expert,11,0,100000.000000,1.882188685091521577e-37,authoritative_multiplier_table+rtp_solver,mode=buy100_expert_11
100balls,Expert,11,1,15840.000000,3.442021997312847382e-07,authoritative_multiplier_table+rtp_solver,mode=buy100_expert_11
100balls,Expert,11,2,3960.000000,6.435904608855928452e-03,authoritative_multiplier_table+rtp_solver,mode=buy100_expert_11
100balls,Expert,11,3,108.900000,1.560930097066969280e-01,authoritative_multiplier_table+rtp_solver,mode=buy100_expert_11
100balls,Expert,11,4,19.800000,1.680435796316412100e-01,authoritative_multiplier_table+rtp_solver,mode=buy100_expert_11
100balls,Expert,11,5,9.900000,1.694266618506062028e-01,authoritative_multiplier_table+rtp_solver,mode=buy100_expert_11
100balls,Expert,11,6,9.900000,1.694266618506062028e-01,authoritative_multiplier_table+rtp_solver,mode=buy100_expert_11
100balls,Expert,11,7,19.800000,1.680435796316412100e-01,authoritative_multiplier_table+rtp_solver,mode=buy100_expert_11
100balls,Expert,11,8,108.900000,1.560930097066969280e-01,authoritative_multiplier_table+rtp_solver,mode=buy100_expert_11
100balls,Expert,11,9,3960.000000,6.435904608855928452e-03,authoritative_multiplier_table+rtp_solver,mode=buy100_expert_11
100balls,Expert,11,10,15840.000000,3.442021997312847382e-07,authoritative_multiplier_table+rtp_solver,mode=buy100_expert_11
100balls,Expert,11,11,100000.000000,9.999999999999999547e-07,authoritative_multiplier_table+rtp_solver,mode=buy100_expert_11
normal,Expert,12,0,6200.000000,3.323547015987914091e-172,authoritative_multiplier_table+rtp_solver,mode=normal_expert_12
normal,Expert,12,1,300.000000,8.142944580605171683e-10,authoritative_multiplier_table+rtp_solver,mode=normal_expert_12
normal,Expert,12,2,60.000000,3.284301542279503307e-03,authoritative_multiplier_table+rtp_solver,mode=normal_expert_12
normal,Expert,12,3,1.500000,1.338360239258304107e-01,authoritative_multiplier_table+rtp_solver,mode=normal_expert_12
normal,Expert,12,4,0.400000,1.434990330479576082e-01,authoritative_multiplier_table+rtp_solver,mode=normal_expert_12
normal,Expert,12,5,0.100000,1.462534271130919994e-01,authoritative_multiplier_table+rtp_solver,mode=normal_expert_12
normal,Expert,12,6,0.100000,1.462534271130919994e-01,authoritative_multiplier_table+rtp_solver,mode=normal_expert_12
normal,Expert,12,7,0.100000,1.462534271130919994e-01,authoritative_multiplier_table+rtp_solver,mode=normal_expert_12
normal,Expert,12,8,0.400000,1.434990330479576082e-01,authoritative_multiplier_table+rtp_solver,mode=normal_expert_12
normal,Expert,12,9,1.500000,1.338360239258304107e-01,authoritative_multiplier_table+rtp_solver,mode=normal_expert_12
normal,Expert,12,10,60.000000,3.284301542279503307e-03,authoritative_multiplier_table+rtp_solver,mode=normal_expert_12
normal,Expert,12,11,300.000000,8.142944580605171683e-10,authoritative_multiplier_table+rtp_solver,mode=normal_expert_12
normal,Expert,12,12,6200.000000,9.999999999999999547e-07,authoritative_multiplier_table+rtp_solver,mode=normal_expert_12
100balls,Expert,12,0,100000.000000,2.903241189367174955e-29,authoritative_multiplier_table+rtp_solver,mode=buy100_expert_12
100balls,Expert,12,1,29700.000000,8.697938538318217906e-10,authoritative_multiplier_table+rtp_solver,mode=buy100_expert_12
100balls,Expert,12,2,5940.000000,3.327336267221537615e-03,authoritative_multiplier_table+rtp_solver,mode=buy100_expert_12
100balls,Expert,12,3,148.500000,1.338520513376573462e-01,authoritative_multiplier_table+rtp_solver,mode=buy100_expert_12
100balls,Expert,12,4,39.600000,1.434814145482746495e-01,authoritative_multiplier_table+rtp_solver,mode=buy100_expert_12
100balls,Expert,12,5,9.900000,1.462257979847017275e-01,authoritative_multiplier_table+rtp_solver,mode=buy100_expert_12
100balls,Expert,12,6,9.900000,1.462257979847017275e-01,authoritative_multiplier_table+rtp_solver,mode=buy100_expert_12
100balls,Expert,12,7,9.900000,1.462257979847017275e-01,authoritative_multiplier_table+rtp_solver,mode=buy100_expert_12
100balls,Expert,12,8,39.600000,1.434814145482746495e-01,authoritative_multiplier_table+rtp_solver,mode=buy100_expert_12
100balls,Expert,12,9,148.500000,1.338520513376573462e-01,authoritative_multiplier_table+rtp_solver,mode=buy100_expert_12
100balls,Expert,12,10,5940.000000,3.327336267221537615e-03,authoritative_multiplier_table+rtp_solver,mode=buy100_expert_12
100balls,Expert,12,11,29700.000000,8.697938538318217906e-10,authoritative_multiplier_table+rtp_solver,mode=buy100_expert_12
100balls,Expert,12,12,100000.000000,9.999999999999999547e-07,authoritative_multiplier_table+rtp_solver,mode=buy100_expert_12
normal,Expert,13,0,10000.000000,1.479696188129253036e-252,authoritative_multiplier_table+rtp_solver,mode=normal_expert_13
normal,Expert,13,1,520.000000,1.174944459568594476e-14,authoritative_multiplier_table+rtp_solver,mode=normal_expert_13
normal,Expert,13,2,100.000000,4.072713673620668843e-04,authoritative_multiplier_table+rtp_solver,mode=normal_expert_13
normal,Expert,13,3,3.000000,1.106856070474527692e-01,authoritative_multiplier_table+rtp_solver,mode=normal_expert_13
normal,Expert,13,4,0.600000,1.271507599136160183e-01,authoritative_multiplier_table+rtp_solver,mode=normal_expert_13
normal,Expert,13,5,0.100000,1.308779308357786997e-01,authoritative_multiplier_table+rtp_solver,mode=normal_expert_13
normal,Expert,13,6,0.100000,1.308779308357786997e-01,authoritative_multiplier_table+rtp_solver,mode=normal_expert_13
normal,Expert,13,7,0.100000,1.308779308357786997e-01,authoritative_multiplier_table+rtp_solver,mode=normal_expert_13
normal,Expert,13,8,0.100000,1.308779308357786997e-01,authoritative_multiplier_table+rtp_solver,mode=normal_expert_13
normal,Expert,13,9,0.600000,1.271507599136160183e-01,authoritative_multiplier_table+rtp_solver,mode=normal_expert_13
normal,Expert,13,10,3.000000,1.106856070474527692e-01,authoritative_multiplier_table+rtp_solver,mode=normal_expert_13
normal,Expert,13,11,100.000000,4.072713673620668843e-04,authoritative_multiplier_table+rtp_solver,mode=normal_expert_13
normal,Expert,13,12,520.000000,1.174944459568594476e-14,authoritative_multiplier_table+rtp_solver,mode=normal_expert_13
normal,Expert,13,13,10000.000000,9.999999999999999547e-07,authoritative_multiplier_table+rtp_solver,mode=normal_expert_13
100balls,Expert,13,0,100000.000000,1.502274183508706450e-26,authoritative_multiplier_table+rtp_solver,mode=buy100_expert_13
100balls,Expert,13,1,51480.000000,1.899876521164505676e-14,authoritative_multiplier_table+rtp_solver,mode=buy100_expert_13
100balls,Expert,13,2,9900.000000,4.463853183043255948e-04,authoritative_multiplier_table+rtp_solver,mode=buy100_expert_13
100balls,Expert,13,3,297.000000,1.108953845707442293e-01,authoritative_multiplier_table+rtp_solver,mode=buy100_expert_13
100balls,Expert,13,4,59.400000,1.271089818626234269e-01,authoritative_multiplier_table+rtp_solver,mode=buy100_expert_13
100balls,Expert,13,5,9.900000,1.307743741241544910e-01,authoritative_multiplier_table+rtp_solver,mode=buy100_expert_13
100balls,Expert,13,6,9.900000,1.307743741241544910e-01,authoritative_multiplier_table+rtp_solver,mode=buy100_expert_13
100balls,Expert,13,7,9.900000,1.307743741241544910e-01,authoritative_multiplier_table+rtp_solver,mode=buy100_expert_13
100balls,Expert,13,8,9.900000,1.307743741241544910e-01,authoritative_multiplier_table+rtp_solver,mode=buy100_expert_13
100balls,Expert,13,9,59.400000,1.271089818626234269e-01,authoritative_multiplier_table+rtp_solver,mode=buy100_expert_13
100balls,Expert,13,10,297.000000,1.108953845707442293e-01,authoritative_multiplier_table+rtp_solver,mode=buy100_expert_13
100balls,Expert,13,11,9900.000000,4.463853183043255948e-04,authoritative_multiplier_table+rtp_solver,mode=buy100_expert_13
100balls,Expert,13,12,51480.000000,1.899876521164505676e-14,authoritative_multiplier_table+rtp_solver,mode=buy100_expert_13
100balls,Expert,13,13,100000.000000,9.999999999999999547e-07,authoritative_multiplier_table+rtp_solver,mode=buy100_expert_13
normal,Expert,14,0,23000.000000,0.000000000000000000e+00,authoritative_multiplier_table+rtp_solver,mode=normal_expert_14
normal,Expert,14,1,800.000000,1.613842377786039493e-22,authoritative_multiplier_table+rtp_solver,mode=normal_expert_14
normal,Expert,14,2,160.000000,7.915246304089162374e-06,authoritative_multiplier_table+rtp_solver,mode=normal_expert_14
normal,Expert,14,3,3.000000,9.837348569841558588e-02,authoritative_multiplier_table+rtp_solver,mode=normal_expert_14
normal,Expert,14,4,1.200000,1.096024802138989007e-01,authoritative_multiplier_table+rtp_solver,mode=normal_expert_14
normal,Expert,14,5,0.200000,1.163856535528220021e-01,authoritative_multiplier_table+rtp_solver,mode=normal_expert_14
normal,Expert,14,6,0.100000,1.170866435257062743e-01,authoritative_multiplier_table+rtp_solver,mode=normal_expert_14
normal,Expert,14,7,0.100000,1.170866435257062743e-01,authoritative_multiplier_table+rtp_solver,mode=normal_expert_14
normal,Expert,14,8,0.100000,1.170866435257062743e-01,authoritative_multiplier_table+rtp_solver,mode=normal_expert_14
normal,Expert,14,9,0.200000,1.163856535528220021e-01,authoritative_multiplier_table+rtp_solver,mode=normal_expert_14
normal,Expert,14,10,1.200000,1.096024802138989007e-01,authoritative_multiplier_table+rtp_solver,mode=normal_expert_14
normal,Expert,14,11,3.000000,9.837348569841558588e-02,authoritative_multiplier_table+rtp_solver,mode=normal_expert_14
normal,Expert,14,12,160.000000,7.915246304089162374e-06,authoritative_multiplier_table+rtp_solver,mode=normal_expert_14
normal,Expert,14,13,800.000000,1.613842377786039493e-22,authoritative_multiplier_table+rtp_solver,mode=normal_expert_14
normal,Expert,14,14,23000.000000,9.999999999999999547e-07,authoritative_multiplier_table+rtp_solver,mode=normal_expert_14
100balls,Expert,14,0,100000.000000,1.225456618114766973e-23,authoritative_multiplier_table+rtp_solver,mode=buy100_expert_14
100balls,Expert,14,1,79200.000000,4.569542874987665472e-19,authoritative_multiplier_table+rtp_solver,mode=buy100_expert_14
100balls,Expert,14,2,15840.000000,3.851172415256333751e-05,authoritative_multiplier_table+rtp_solver,mode=buy100_expert_14
100balls,Expert,14,3,297.000000,1.004028868655264944e-01,authoritative_multiplier_table+rtp_solver,mode=buy100_expert_14
100balls,Expert,14,4,118.800000,1.098783902498071258e-01,authoritative_multiplier_table+rtp_solver,mode=buy100_expert_14
100balls,Expert,14,5,19.800000,1.155237361813967883e-01,authoritative_multiplier_table+rtp_solver,mode=buy100_expert_14
100balls,Expert,14,6,9.900000,1.161039833194113524e-01,authoritative_multiplier_table+rtp_solver,mode=buy100_expert_14
100balls,Expert,14,7,9.900000,1.161039833194113524e-01,authoritative_multiplier_table+rtp_solver,mode=buy100_expert_14
100balls,Expert,14,8,9.900000,1.161039833194113524e-01,authoritative_multiplier_table+rtp_solver,mode=buy100_expert_14
100balls,Expert,14,9,19.800000,1.155237361813967883e-01,authoritative_multiplier_table+rtp_solver,mode=buy100_expert_14
100balls,Expert,14,10,118.800000,1.098783902498071258e-01,authoritative_multiplier_table+rtp_solver,mode=buy100_expert_14
100balls,Expert,14,11,297.000000,1.004028868655264944e-01,authoritative_multiplier_table+rtp_solver,mode=buy100_expert_14
100balls,Expert,14,12,15840.000000,3.851172415256333751e-05,authoritative_multiplier_table+rtp_solver,mode=buy100_expert_14
100balls,Expert,14,13,79200.000000,4.569542874987665472e-19,authoritative_multiplier_table+rtp_solver,mode=buy100_expert_14
100balls,Expert,14,14,100000.000000,9.999999999999999547e-07,authoritative_multiplier_table+rtp_solver,mode=buy100_expert_14
normal,Expert,15,0,50000.000000,0.000000000000000000e+00,authoritative_multiplier_table+rtp_solver,mode=normal_expert_15
normal,Expert,15,1,1300.000000,4.187109661974899463e-108,authoritative_multiplier_table+rtp_solver,mode=normal_expert_15
normal,Expert,15,2,230.000000,1.830598611003042629e-20,authoritative_multiplier_table+rtp_solver,mode=normal_expert_15
normal,Expert,15,3,6.000000,4.071933263299166994e-02,authoritative_multiplier_table+rtp_solver,mode=normal_expert_15
normal,Expert,15,4,1.800000,8.991057862468250506e-02,authoritative_multiplier_table+rtp_solver,mode=normal_expert_15
normal,Expert,15,5,0.200000,1.215800380338887127e-01,authoritative_multiplier_table+rtp_solver,mode=normal_expert_15
normal,Expert,15,6,0.100000,1.238947753542185282e-01,authoritative_multiplier_table+rtp_solver,mode=normal_expert_15
normal,Expert,15,7,0.100000,1.238947753542185282e-01,authoritative_multiplier_table+rtp_solver,mode=normal_expert_15
normal,Expert,15,8,0.100000,1.238947753542185282e-01,authoritative_multiplier_table+rtp_solver,mode=normal_expert_15
normal,Expert,15,9,0.100000,1.238947753542185282e-01,authoritative_multiplier_table+rtp_solver,mode=normal_expert_15
normal,Expert,15,10,0.200000,1.215800380338887127e-01,authoritative_multiplier_table+rtp_solver,mode=normal_expert_15
normal,Expert,15,11,1.800000,8.991057862468250506e-02,authoritative_multiplier_table+rtp_solver,mode=normal_expert_15
normal,Expert,15,12,6.000000,4.071933263299166994e-02,authoritative_multiplier_table+rtp_solver,mode=normal_expert_15
normal,Expert,15,13,230.000000,1.830598611003042629e-20,authoritative_multiplier_table+rtp_solver,mode=normal_expert_15
normal,Expert,15,14,1300.000000,4.187109661974899463e-108,authoritative_multiplier_table+rtp_solver,mode=normal_expert_15
normal,Expert,15,15,50000.000000,9.999999999999999547e-07,authoritative_multiplier_table+rtp_solver,mode=normal_expert_15
100balls,Expert,15,0,100000.000000,1.126144091516413237e-76,authoritative_multiplier_table+rtp_solver,mode=buy100_expert_15
100balls,Expert,15,1,100000.000000,1.126144091516413237e-76,authoritative_multiplier_table+rtp_solver,mode=buy100_expert_15
100balls,Expert,15,2,22770.000000,1.016111270967673670e-18,authoritative_multiplier_table+rtp_solver,mode=buy100_expert_15
100balls,Expert,15,3,594.000000,4.450134321555550970e-02,authoritative_multiplier_table+rtp_solver,mode=buy100_expert_15
100balls,Expert,15,4,178.200000,9.128511499778778349e-02,authoritative_multiplier_table+rtp_solver,mode=buy100_expert_15
100balls,Expert,15,5,19.800000,1.200237902693264830e-01,authoritative_multiplier_table+rtp_solver,mode=buy100_expert_15
100balls,Expert,15,6,9.900000,1.220946257586651290e-01,authoritative_multiplier_table+rtp_solver,mode=buy100_expert_15
100balls,Expert,15,7,9.900000,1.220946257586651290e-01,authoritative_multiplier_table+rtp_solver,mode=buy100_expert_15
100balls,Expert,15,8,9.900000,1.220946257586651290e-01,authoritative_multiplier_table+rtp_solver,mode=buy100_expert_15
100balls,Expert,15,9,9.900000,1.220946257586651290e-01,authoritative_multiplier_table+rtp_solver,mode=buy100_expert_15
100balls,Expert,15,10,19.800000,1.200237902693264830e-01,authoritative_multiplier_table+rtp_solver,mode=buy100_expert_15
100balls,Expert,15,11,178.200000,9.128511499778778349e-02,authoritative_multiplier_table+rtp_solver,mode=buy100_expert_15
100balls,Expert,15,12,594.000000,4.450134321555550970e-02,authoritative_multiplier_table+rtp_solver,mode=buy100_expert_15
100balls,Expert,15,13,22770.000000,1.016111270967673670e-18,authoritative_multiplier_table+rtp_solver,mode=buy100_expert_15
100balls,Expert,15,14,100000.000000,1.126144091516413237e-76,authoritative_multiplier_table+rtp_solver,mode=buy100_expert_15
100balls,Expert,15,15,100000.000000,9.999999999999999547e-07,authoritative_multiplier_table+rtp_solver,mode=buy100_expert_15
normal,Expert,16,0,100000.000000,0.000000000000000000e+00,authoritative_multiplier_table+rtp_solver,mode=normal_expert_16
normal,Expert,16,1,2200.000000,7.238026206938752858e-270,authoritative_multiplier_table+rtp_solver,mode=normal_expert_16
normal,Expert,16,2,260.000000,2.604358217260460561e-33,authoritative_multiplier_table+rtp_solver,mode=normal_expert_16
normal,Expert,16,3,7.000000,1.843062624776263883e-02,authoritative_multiplier_table+rtp_solver,mode=normal_expert_16
normal,Expert,16,4,2.500000,6.520075882850528970e-02,authoritative_multiplier_table+rtp_solver,mode=normal_expert_16
normal,Expert,16,5,1.100000,9.659690770202515597e-02,authoritative_multiplier_table+rtp_solver,mode=normal_expert_16
normal,Expert,16,6,0.100000,1.279084828886827563e-01,authoritative_multiplier_table+rtp_solver,mode=normal_expert_16
normal,Expert,16,7,0.100000,1.279084828886827563e-01,authoritative_multiplier_table+rtp_solver,mode=normal_expert_16
normal,Expert,16,8,0.100000,1.279084828886827563e-01,authoritative_multiplier_table+rtp_solver,mode=normal_expert_16
normal,Expert,16,9,0.100000,1.279084828886827563e-01,authoritative_multiplier_table+rtp_solver,mode=normal_expert_16
normal,Expert,16,10,0.100000,1.279084828886827563e-01,authoritative_multiplier_table+rtp_solver,mode=normal_expert_16
normal,Expert,16,11,1.100000,9.659690770202515597e-02,authoritative_multiplier_table+rtp_solver,mode=normal_expert_16
normal,Expert,16,12,2.500000,6.520075882850528970e-02,authoritative_multiplier_table+rtp_solver,mode=normal_expert_16
normal,Expert,16,13,7.000000,1.843062624776263883e-02,authoritative_multiplier_table+rtp_solver,mode=normal_expert_16
normal,Expert,16,14,260.000000,2.604358217260460561e-33,authoritative_multiplier_table+rtp_solver,mode=normal_expert_16
normal,Expert,16,15,2200.000000,7.238026206938752858e-270,authoritative_multiplier_table+rtp_solver,mode=normal_expert_16
normal,Expert,16,16,100000.000000,9.999999999999999547e-07,authoritative_multiplier_table+rtp_solver,mode=normal_expert_16
100balls,Expert,16,0,100000.000000,4.354353260078227623e-106,authoritative_multiplier_table+rtp_solver,mode=buy100_expert_16
100balls,Expert,16,1,100000.000000,4.354353260078227623e-106,authoritative_multiplier_table+rtp_solver,mode=buy100_expert_16
100balls,Expert,16,2,25740.000000,1.634572707881325343e-28,authoritative_multiplier_table+rtp_solver,mode=buy100_expert_16
100balls,Expert,16,3,693.000000,2.389672926768863712e-02,authoritative_multiplier_table+rtp_solver,mode=buy100_expert_16
100balls,Expert,16,4,247.500000,6.977866701774748659e-02,authoritative_multiplier_table+rtp_solver,mode=buy100_expert_16
100balls,Expert,16,5,108.900000,9.738876670530398350e-02,authoritative_multiplier_table+rtp_solver,mode=buy100_expert_16
100balls,Expert,16,6,9.900000,1.235741348037039528e-01,authoritative_multiplier_table+rtp_solver,mode=buy100_expert_16
100balls,Expert,16,7,9.900000,1.235741348037039528e-01,authoritative_multiplier_table+rtp_solver,mode=buy100_expert_16
100balls,Expert,16,8,9.900000,1.235741348037039528e-01,authoritative_multiplier_table+rtp_solver,mode=buy100_expert_16
100balls,Expert,16,9,9.900000,1.235741348037039528e-01,authoritative_multiplier_table+rtp_solver,mode=buy100_expert_16
100balls,Expert,16,10,9.900000,1.235741348037039528e-01,authoritative_multiplier_table+rtp_solver,mode=buy100_expert_16
100balls,Expert,16,11,108.900000,9.738876670530398350e-02,authoritative_multiplier_table+rtp_solver,mode=buy100_expert_16
100balls,Expert,16,12,247.500000,6.977866701774748659e-02,authoritative_multiplier_table+rtp_solver,mode=buy100_expert_16
100balls,Expert,16,13,693.000000,2.389672926768863712e-02,authoritative_multiplier_table+rtp_solver,mode=buy100_expert_16
100balls,Expert,16,14,25740.000000,1.634572707881325343e-28,authoritative_multiplier_table+rtp_solver,mode=buy100_expert_16
100balls,Expert,16,15,100000.000000,4.354353260078227623e-106,authoritative_multiplier_table+rtp_solver,mode=buy100_expert_16
100balls,Expert,16,16,100000.000000,9.999999999999999547e-07,authoritative_multiplier_table+rtp_solver,mode=buy100_expert_16
